Activity Type,Date,Title,Distance,Calories,Time,Avg HR,Max HR,Avg Run Cadence,Max Run Cadence,Avg Pace,Best Pace,Elev Gain,Elev Loss,Avg Stride Length,Best Lap Time,Number of Laps,Remaining_Days,Goal_Distance,Goal_Time,Fatigue
Running,7/15/20 9:41,Cherry Hill Running,6.0,530,0:43:55,141,160,176,182,7:19,6:20,169,173,1.26,00:02.3,7,85,42195,12632,22.926772888740775
Running,7/14/20 17:45,Cherry Hill Running,6.5,587,0:47:04,144,160,172,182,7:14,6:35,183,187,1.29,03:32.7,7,478,42195,12632,57.317704993359
Running,7/13/20 18:57,Cherry Hill Running,5.01,392,0:40:29,128,151,170,180,8:05,5:49,124,124,1.17,00:04.1,6,554,42195,12632,37.53280104948684
Running,7/12/20 18:44,Cherry Hill Running,7.01,633,0:52:55,142,157,172,180,7:33,5:00,215,219,1.24,00:05.1,8,159,42195,12632,31.323913401846326
Running,7/11/20 19:35,Cherry Hill Running,5.19,419,0:41:35,129,143,170,178,8:01,6:48,76,80,1.18,01:27.1,6,573,42195,12632,95.98240441458155
Running,7/10/20 17:54,Ocean City Running,6.51,539,0:45:48,140,155,170,176,7:02,5:55,16,16,1.35,03:28.7,7,176,42195,12632,78.92340893358764
Running,7/9/20 19:02,Ocean City Running,5.01,448,0:35:11,146,159,172,180,7:02,2:04,7,7,1.33,00:03.4,6,445,42195,12632,24.598144751012562
Running,7/8/20 18:13,Ocean City Running,5.0,458,0:35:29,147,172,172,186,7:06,5:18,20,20,1.32,00:01.8,6,237,42195,12632,5.1420609098909225
Running,7/6/20 9:43,Ocean City Running,6.0,542,0:42:31,146,167,174,182,7:05,4:24,25,25,1.3,00:02.6,7,347,42195,12632,5.878805129754472
Running,7/5/20 18:08,Ocean City Running,3.11,240,0:25:04,125,144,170,176,8:04,6:22,23,23,1.17,00:50.4,4,79,42195,12632,59.24142491312181
Running,7/4/20 7:56,Ocean City Running,5.52,396,0:44:49,125,145,172,182,8:07,7:02,19,19,1.16,03:54.8,6,623,42195,12632,93.74906919317475
Running,7/3/20 18:16,Ocean City Running,5.0,466,0:35:12,149,163,172,182,7:02,5:49,44,44,1.32,00:02.2,6,2,42195,12632,49.974612500773866
Running,7/2/20 20:21,Ocean City Running,4.01,325,0:32:16,129,141,168,176,8:03,6:57,39,39,1.19,00:03.5,5,664,42195,12632,62.381111902986106
Running,7/1/20 16:29,Cherry Hill Running,5.56,495,0:39:49,146,167,172,184,7:09,5:57,199,204,1.31,04:15.6,6,250,42195,12632,6.742239366798208
Running,6/29/20 18:56,Cherry Hill Running,7.0,670,0:52:45,147,163,170,178,7:32,6:25,233,237,1.25,00:01.7,8,357,42195,12632,37.491783374897594
Running,6/28/20 19:21,Cherry Hill Running,5.31,447,0:44:06,133,152,168,178,8:18,7:00,221,217,1.15,02:30.2,6,125,42195,12632,60.74203209565684
Running,6/27/20 17:27,Cherry Hill Running,6.38,584,0:49:03,141,160,170,178,7:42,4:08,198,204,1.23,02:57.9,7,67,42195,12632,67.18117883473506
Running,6/26/20 18:22,Cherry Hill Running,5.0,431,0:39:06,136,154,172,180,7:49,7:05,137,139,1.2,00:01.1,6,284,42195,12632,52.1740630135178
Running,6/25/20 17:47,Cherry Hill Running,7.0,639,0:50:05,147,162,172,180,7:09,6:14,205,213,1.32,00:02.8,8,274,42195,12632,59.17713460081957
Running,6/24/20 18:13,Cherry Hill Running,6.0,543,0:47:07,139,160,172,178,7:51,6:38,205,200,1.2,00:00.6,7,84,42195,12632,46.80479877960357
Running,6/23/20 18:56,Cherry Hill Running,5.14,504,0:37:47,150,191,170,180,7:21,6:03,138,145,1.28,00:59.1,6,475,42195,12632,19.649463440660185
Running,6/21/20 17:40,Chicago Running,6.0,520,0:41:23,145,157,172,178,6:54,6:07,105,105,1.36,00:00.6,7,275,42195,12632,70.43008192591259
Running,6/20/20 8:58,Chicago Running,4.02,328,0:34:04,127,152,172,178,8:29,6:49,47,47,1.11,00:10.2,5,50,42195,12632,25.295763709415866
Running,6/18/20 17:47,Cherry Hill Running,5.0,440,0:39:47,136,152,170,178,7:57,7:07,169,162,1.18,00:01.0,6,91,42195,12632,73.96131847118623
Running,6/17/20 18:02,Cherry Hill Running,7.01,625,0:50:04,146,162,170,178,7:09,5:58,200,207,1.33,00:05.0,8,310,42195,12632,35.77068413378067
Running,6/16/20 9:50,Ocean City Running,6.0,576,0:42:33,151,175,172,178,7:05,6:25,49,49,1.32,00:01.4,7,330,42195,12632,82.35748925082343
Running,6/15/20 18:07,Ocean City Running,4.12,283,0:33:39,120,136,170,180,8:10,6:34,22,22,1.16,00:55.9,5,178,42195,12632,99.35656900345855
Running,6/14/20 10:40,Ocean City Running,7.75,582,1:02:25,130,151,170,182,8:03,3:54,57,57,1.17,05:57.9,8,682,42195,12632,59.79714855722731
Running,6/13/20 18:09,Ocean City Running,5.0,430,0:39:45,135,169,172,178,7:57,1:58,39,39,1.17,00:01.6,6,291,42195,12632,96.79422888781023
Running,6/11/20 18:10,Cherry Hill Running,7.0,616,0:50:54,143,161,172,180,7:16,6:22,220,226,1.29,00:01.0,8,397,42195,12632,89.01801934072766
Running,6/10/20 20:28,Cherry Hill Running,5.0,429,0:40:37,134,153,168,178,8:07,6:55,109,107,1.17,00:01.6,6,254,42195,12632,90.22127263917237
Running,6/9/20 17:42,Cherry Hill Running,4.16,373,0:32:08,139,153,170,176,7:43,6:21,102,105,1.23,01:13.7,5,218,42195,12632,59.698610386799004
Running,6/8/20 18:00,Cherry Hill Running,8.46,763,1:01:19,147,163,172,178,7:15,6:27,279,283,1.3,03:14.6,9,68,42195,12632,57.229689092882616
Running,6/7/20 17:46,Cherry Hill Running,5.13,443,0:38:25,141,163,170,178,7:29,5:06,139,146,1.26,00:59.3,6,566,42195,12632,35.326782392449196
Running,6/6/20 18:39,Cherry Hill Running,5.0,465,0:38:15,145,157,172,182,7:39,5:45,134,136,1.22,07:28.0,5,462,42195,12632,5.039298528062297
Running,6/5/20 16:48,Cherry Hill Running,4.77,353,0:38:52,128,164,170,178,8:09,7:20,75,78,1.17,06:03.3,5,559,42195,12632,62.03555460956949
Running,6/4/20 18:33,Cherry Hill Running,5.0,458,0:39:47,142,154,170,178,7:57,6:59,135,131,1.19,00:02.0,6,500,42195,12632,41.38741985841683
Running,6/2/20 17:50,Cherry Hill Running,6.0,558,0:44:23,140,154,170,180,7:24,4:26,150,155,1.28,00:02.0,7,208,42195,12632,81.39053148185408
Running,6/1/20 18:10,Cherry Hill Running,6.0,570,0:42:05,148,177,172,180,7:01,5:56,195,192,1.33,06:22.7,6,162,42195,12632,15.490171578706269
Running,5/31/20 19:25,Cherry Hill Running,4.0,358,0:29:02,140,150,172,178,7:16,6:20,108,114,1.29,07:06.8,4,231,42195,12632,86.65522262896084
Running,5/30/20 18:49,Ocean City Running,6.0,571,0:48:04,138,151,170,178,8:01,5:25,49,49,1.18,00:02.9,7,280,42195,12632,36.033105508119846
Running,5/29/20 18:32,Ocean City Running,6.0,466,0:48:03,126,159,170,180,8:00,6:24,34,34,1.19,00:01.9,7,37,42195,12632,66.42761972655083
Running,5/27/20 17:55,Cherry Hill Running,5.0,506,0:36:25,155,165,176,182,7:17,6:29,133,138,1.26,07:00.5,5,274,42195,12632,95.94805619199737
Running,5/26/20 17:26,Cherry Hill Running,6.0,610,0:42:22,158,175,174,184,7:04,0:33,180,183,1.31,06:53.4,6,364,42195,12632,30.900696713816743
Running,5/25/20 15:09,Cherry Hill Running,6.0,592,0:43:20,149,173,174,182,7:13,6:19,178,185,1.28,00:01.4,7,454,42195,12632,50.008375038707975
Running,5/24/20 15:25,Cherry Hill Running,3.91,375,0:29:06,142,158,174,180,7:27,6:38,116,122,1.25,06:38.9,4,425,42195,12632,55.8918859136446
Running,5/23/20 17:03,Cherry Hill Running,3.57,296,0:25:37,132,142,174,180,7:10,5:33,96,101,1.29,03:21.5,4,467,42195,12632,20.3067622652244
Running,5/22/20 17:49,Cherry Hill Running,5.3,498,0:40:47,140,158,174,180,7:42,6:45,146,150,1.2,02:16.7,6,50,42195,12632,20.328316469338105
Running,5/21/20 17:19,Cherry Hill Running,6.0,609,0:45:27,149,161,172,180,7:35,6:24,183,185,1.23,07:29.0,6,35,42195,12632,47.709952326582616
Running,5/19/20 17:42,Cherry Hill Running,6.0,561,0:44:03,143,150,172,180,7:20,6:11,189,193,1.27,00:01.1,7,652,42195,12632,29.530450457216283
Running,5/18/20 18:07,Cherry Hill Running,3.0,274,0:23:55,135,148,172,180,7:58,7:04,87,82,1.18,00:01.6,4,386,42195,12632,59.019318878850335
Running,5/17/20 17:11,Cherry Hill Running,6.22,584,0:45:48,147,160,168,176,7:22,6:28,191,192,1.29,01:41.2,7,150,42195,12632,79.80882408881344
Running,5/15/20 17:06,Cherry Hill Running,2.59,256,0:20:56,142,158,170,178,8:05,6:54,92,95,1.16,05:16.2,3,530,42195,12632,98.60997077938941
Running,5/14/20 17:11,Cherry Hill Running,6.15,602,0:47:36,146,166,170,176,7:44,7:00,208,213,1.23,01:11.7,7,10,42195,12632,65.01707100818105
Running,5/12/20 16:54,Cherry Hill Running,5.01,477,0:37:45,146,158,170,180,7:32,6:50,142,134,1.25,00:05.3,6,398,42195,12632,1.0677005174496212
Running,5/11/20 17:10,Cherry Hill Running,6.08,629,0:45:50,155,161,170,178,7:32,6:18,189,195,1.26,00:40.9,7,373,42195,12632,5.507828482437638
Running,5/10/20 18:25,Cherry Hill Running,4.0,396,0:30:22,148,159,170,198,7:35,6:51,144,148,1.24,00:01.8,5,584,42195,12632,77.36443671562503
Running,5/8/20 17:39,Cherry Hill Running,3.1,315,0:24:32,145,155,174,178,7:55,7:18,76,84,1.17,00:48.8,4,326,42195,12632,77.5196083538015
Running,5/7/20 17:00,Cherry Hill Running,5.5,525,0:38:52,153,173,170,178,7:04,6:31,182,186,1.33,03:30.7,6,3,42195,12632,22.69868256803592
Running,5/5/20 17:37,Cherry Hill Running,5.0,471,0:36:45,146,157,170,178,7:21,6:37,130,133,1.28,00:00.6,6,91,42195,12632,93.38484810940123
Running,5/4/20 16:55,Cherry Hill Running,5.01,516,0:37:57,152,161,170,178,7:35,6:59,148,152,1.26,00:03.2,6,444,42195,12632,25.35413183771028
Running,5/1/20 15:03,Cherry Hill Running,5.35,534,0:39:23,151,169,170,178,7:21,6:38,137,143,1.28,02:34.1,6,203,42195,12632,9.458880012112802
Running,4/29/20 16:59,Cherry Hill Running,5.43,523,0:40:40,146,172,170,176,7:29,6:25,133,136,1.26,03:12.6,6,438,42195,12632,29.224072612596743
Running,4/28/20 17:03,Cherry Hill Running,5.0,492,0:37:39,147,160,168,176,7:32,6:48,164,167,1.26,00:01.8,6,669,42195,12632,76.25000645510195
Running,4/27/20 16:43,Cherry Hill Running,5.01,414,0:36:32,136,166,170,180,7:18,6:30,144,149,1.3,00:08.1,6,681,42195,12632,9.150073206385345
Running,4/25/20 17:25,Cherry Hill Running,7.0,718,0:52:52,154,181,170,178,7:33,4:58,269,261,1.26,00:02.7,8,304,42195,12632,51.814615886341976
Running,4/23/20 16:38,Cherry Hill Running,4.0,372,0:30:22,139,160,168,176,7:36,6:45,118,124,1.26,07:23.3,4,59,42195,12632,41.845489366524205
Running,4/21/20 17:10,Cherry Hill Running,4.12,391,0:31:25,142,161,170,176,7:37,6:07,171,177,1.24,00:55.2,5,308,42195,12632,82.99449677781266
Running,4/20/20 17:46,Cherry Hill Running,6.0,614,0:44:42,151,166,170,176,7:27,6:40,214,208,1.27,00:01.8,7,457,42195,12632,67.65512451387295
Running,4/19/20 16:48,Cherry Hill Running,3.19,317,0:24:30,143,152,170,176,7:42,6:29,93,98,1.23,01:29.2,4,440,42195,12632,64.72908739084268
Running,4/17/20 17:20,Cherry Hill Running,3.02,294,0:22:16,145,157,172,178,7:23,6:25,113,106,1.27,00:06.9,4,397,42195,12632,23.999358722409447
Running,4/16/20 17:34,Cherry Hill Running,4.33,377,0:30:44,141,151,172,188,7:06,5:26,146,150,1.31,02:05.7,5,628,42195,12632,41.80043931574649
Running,4/15/20 14:58,Cherry Hill Running,3.04,289,0:22:59,144,168,170,176,7:33,6:40,97,103,1.26,00:19.8,4,351,42195,12632,85.87014350131318
Running,4/14/20 17:22,Cherry Hill Running,5.09,489,0:36:46,155,173,170,178,7:14,5:13,135,139,1.32,00:30.8,6,625,42195,12632,94.11111921487803
Running,4/12/20 11:02,Cherry Hill Running,6.01,608,0:46:31,152,170,168,174,7:45,6:48,191,186,1.24,00:02.6,7,280,42195,12632,32.912509353472494
Running,4/10/20 16:56,Cherry Hill Running,3.01,284,0:23:14,143,152,170,180,7:44,5:50,112,118,1.23,00:02.9,4,246,42195,12632,69.48615667266557
Running,4/9/20 18:01,Cherry Hill Running,3.3,306,0:25:19,144,158,172,180,7:41,6:25,100,107,1.22,02:13.6,4,448,42195,12632,93.30164892621838
Running,4/8/20 16:18,Cherry Hill Running,4.0,409,0:31:37,151,162,170,178,7:54,7:04,132,135,1.2,00:01.4,5,47,42195,12632,34.61010280879937
Running,4/7/20 17:30,Cherry Hill Running,4.42,437,0:33:54,151,162,168,174,7:40,4:01,188,173,1.25,03:20.0,5,636,42195,12632,58.59296103558053
Running,4/4/20 16:27,Cherry Hill Running,5.42,540,0:42:58,148,173,170,178,7:56,5:36,174,181,1.19,03:06.1,6,376,42195,12632,37.62576350830421
Running,4/2/20 16:13,Cherry Hill Running,3.7,319,0:28:10,137,148,170,176,7:37,6:23,81,88,1.25,05:17.2,4,579,42195,12632,36.917212167858914
Running,4/1/20 16:44,Cherry Hill Running,4.28,400,0:32:46,148,175,168,174,7:40,6:28,106,111,1.25,02:07.2,5,422,42195,12632,27.939455386021816
Running,3/31/20 17:22,Cherry Hill Running,4.8,496,0:39:06,152,161,170,180,8:09,7:02,146,150,1.17,06:38.3,5,469,42195,12632,20.297092523202963
Running,3/29/20 16:27,Cherry Hill Running,4.0,383,0:29:25,157,183,170,176,7:21,6:18,143,149,1.29,00:02.0,5,617,42195,12632,9.014276998549542
Running,3/27/20 15:46,Cherry Hill Running,3.02,285,0:22:18,156,168,170,176,7:24,6:25,86,91,1.28,00:06.2,4,348,42195,12632,92.82625652913052
Running,3/26/20 16:47,Cherry Hill Running,4.63,464,0:36:24,156,175,168,176,7:51,6:49,149,155,1.22,04:38.0,5,308,42195,12632,68.59909704017312
Running,3/25/20 17:08,Cherry Hill Running,2.02,189,0:15:41,146,153,170,180,7:47,6:21,89,79,1.22,00:06.9,3,435,42195,12632,40.728969936320205
Running,3/24/20 18:07,Cherry Hill Running,3.1,316,0:23:49,161,176,168,174,7:41,6:30,79,85,1.25,00:49.6,4,426,42195,12632,84.81762641482055
Running,3/22/20 17:26,Cherry Hill Running,3.03,316,0:23:24,160,169,168,176,7:43,7:01,79,85,1.24,00:15.3,4,358,42195,12632,15.601153102477417
Running,3/20/20 16:02,Cherry Hill Running,2.0,208,0:15:45,155,162,170,176,7:52,7:19,46,52,1.21,00:01.4,3,628,42195,12632,58.89032403378427
Running,3/19/20 16:58,Cherry Hill Running,3.5,365,0:26:33,159,176,168,176,7:36,6:43,101,101,1.26,03:57.3,4,270,42195,12632,64.10458061486113
Running,3/18/20 17:11,Cherry Hill Running,1.2,58,09:18.1,102,140,170,178,7:46,5:43,19,3,1.21,01:38.3,2,106,42195,12632,36.23809415724211
Running,2/22/20 10:19,Chicago Running,4.0,379,0:29:14,151,174,170,176,7:18,4:52,60,59,1.29,00:01.7,5,193,42195,12632,61.81920263667451
Running,1/30/20 12:34,Chicago Running,3.0,285,0:22:06,150,164,172,178,7:22,2:24,54,52,1.27,07:13.7,3,183,42195,12632,83.07866764400428
Running,11/16/19 11:26,Chicago Running,3.1,281,0:21:53,149,157,174,180,7:04,5:22,46,46,1.32,00:42.1,4,399,42195,12632,6.015170134160163
Running,11/3/19 15:38,Chicago Running,5.58,581,0:43:26,154,164,170,178,7:47,6:29,77,82,1.22,04:35.4,6,301,42195,12632,83.80323601551855
Running,11/2/19 11:25,Chicago Running,5.0,530,0:39:57,151,187,172,180,8:00,4:13,67,68,1.17,07:54.3,5,162,42195,12632,51.05657982459502
Running,10/24/19 17:04,Chicago Running,3.18,344,0:24:12,157,165,172,180,7:36,1:31,31,30,1.23,01:23.8,4,217,42195,12632,62.259676904859504
Running,10/19/19 9:52,Chicago Running,4.3,417,0:36:54,134,151,170,180,8:35,5:54,46,46,1.11,02:37.5,5,634,42195,12632,34.57030105061979
Running,10/7/19 10:37,Chicago Running,4.03,388,0:28:24,152,166,174,182,7:03,4:32,51,52,1.32,00:12.3,5,52,42195,12632,71.90540663380837
Running,10/6/19 12:33,Chicago Running,3.1,305,0:23:00,147,160,174,182,7:25,6:14,48,55,1.25,00:44.9,4,229,42195,12632,49.97036624737331
Running,10/3/19 17:04,Chicago Running,2.52,220,0:17:04,146,179,172,182,6:47,5:13,17,20,1.38,03:53.4,3,558,42195,12632,4.185932286991179
Running,10/1/19 16:46,Chicago Running,4.0,400,0:28:50,152,166,172,180,7:13,4:57,45,45,1.29,07:05.1,4,189,42195,12632,45.69337966787042
Running,9/30/19 12:26,Chicago Running,2.5,227,0:17:34,143,150,176,182,7:02,5:56,21,28,1.3,03:31.9,3,139,42195,12632,28.79363317006527
Running,9/28/19 17:31,Chicago Running,4.01,371,0:27:07,153,166,174,182,6:46,2:52,40,40,1.36,00:03.1,5,453,42195,12632,18.799709100314455
Running,9/26/19 9:12,Chicago Running,4.01,379,0:28:33,149,163,176,184,7:08,6:28,49,53,1.29,00:02.1,5,208,42195,12632,49.30398621088895
Running,9/24/19 18:16,Chicago Running,5.01,479,0:35:14,152,163,174,184,7:02,5:24,64,66,1.31,00:02.1,6,139,42195,12632,12.023408852009664
Running,9/23/19 8:39,Chicago Running,3.02,284,0:21:06,151,163,178,184,6:59,4:20,45,48,1.3,00:08.1,4,624,42195,12632,53.635750312114574
Running,9/20/19 17:08,Cherry Hill Running,3.0,293,0:22:54,142,156,176,184,7:38,6:57,101,106,1.2,00:02.1,4,414,42195,12632,61.71123524675479
Running,9/19/19 18:13,Cherry Hill Running,3.22,279,0:22:05,142,156,174,180,6:52,3:19,43,47,1.34,01:30.7,4,486,42195,12632,55.3264067394115
Running,9/18/19 17:05,Cherry Hill Running,5.01,456,0:35:33,147,161,174,182,7:06,6:28,192,182,1.31,00:04.2,6,236,42195,12632,14.531033127259075
Running,9/17/19 17:47,Cherry Hill Running,5.0,475,0:36:00,152,168,174,182,7:12,6:20,138,142,1.28,00:00.6,6,645,42195,12632,38.59280611125124
Running,9/16/19 17:57,Cherry Hill Running,5.01,479,0:37:20,149,163,174,180,7:28,6:08,163,156,1.25,00:02.1,6,413,42195,12632,59.81899553362102
Running,9/15/19 17:08,Cherry Hill Running,4.0,388,0:29:32,152,176,172,198,7:23,4:32,124,127,1.27,00:02.1,5,633,42195,12632,24.20400492178073
Running,9/14/19 17:10,Cherry Hill Running,3.5,345,0:25:47,152,173,174,180,7:22,6:31,117,109,1.26,03:40.1,4,592,42195,12632,85.57212744790988
Running,9/13/19 15:59,Cherry Hill Running,4.0,386,0:28:56,153,168,172,180,7:14,6:30,100,104,1.3,00:01.6,5,462,42195,12632,69.1142551672111
Running,9/11/19 17:49,Cherry Hill Running,3.49,334,0:26:20,152,171,172,178,7:32,6:29,107,108,1.25,03:41.5,4,16,42195,12632,15.122463359424998
Running,9/10/19 18:26,Cherry Hill Running,4.0,376,0:28:31,156,175,170,178,7:07,6:07,123,119,1.33,00:01.8,5,360,42195,12632,68.66248207004426
Running,9/9/19 17:24,Cherry Hill Running,5.0,452,0:36:25,149,173,170,180,7:17,4:07,179,187,1.31,00:01.3,6,105,42195,12632,55.24252784291255
Running,9/8/19 19:16,Cherry Hill Running,4.0,356,0:29:10,145,156,170,178,7:17,5:57,136,129,1.29,00:01.8,5,333,42195,12632,67.68602582131612
Running,9/5/19 17:55,Cherry Hill Running,4.0,371,0:29:53,148,165,172,180,7:28,5:47,152,143,1.26,00:01.4,5,551,42195,12632,64.30462308512118
Running,8/30/19 11:05,Cherry Hill Running,2.04,190,0:15:09,149,162,174,180,7:26,6:41,63,68,1.25,00:18.7,3,236,42195,12632,26.660326789225874
Running,8/28/19 17:49,Ocean City Running,4.5,455,0:35:56,148,166,168,174,7:59,6:23,13,13,1.2,03:58.5,5,138,42195,12632,46.535931046461556
Running,8/24/19 19:48,Cherry Hill Running,0.78,63,05:57.7,129,150,170,212,7:41,3:59,7,7,1.23,00:00.0,1,464,42195,12632,4.026829894172524
Running,8/24/19 19:27,Cherry Hill Running,0.74,74,07:51.0,121,128,162,168,10:35,8:37,12,12,0.94,00:00.0,1,355,42195,12632,97.73394425546923
Running,8/19/19 8:36,Cherry Hill Running,2.45,226,0:19:55,136,165,170,176,8:07,1:44,29,59,1.17,03:29.1,3,93,42195,12632,51.218174285265384
Running,8/16/19 17:24,Cherry Hill Running,4.01,355,0:27:12,154,174,174,180,6:47,5:21,128,133,1.37,00:01.8,5,232,42195,12632,96.62806418810244
Running,8/14/19 19:23,Voorhees Running,4.0,371,0:28:46,151,173,172,180,7:11,6:17,110,109,1.3,00:01.3,5,415,42195,12632,87.02787951572996
Running,8/13/19 21:05,Cherry Hill Running,3.0,261,0:23:18,136,151,170,178,7:46,6:36,107,112,1.22,00:00.9,4,165,42195,12632,75.04539880759904
Running,8/12/19 19:15,Pennsauken Running,6.52,594,0:48:42,147,162,170,178,7:28,6:34,115,116,1.26,03:55.3,7,358,42195,12632,84.71762517698784
Running,8/10/19 17:24,Cherry Hill Running,5.16,471,0:41:12,141,159,170,180,7:59,6:25,135,142,1.19,01:23.7,6,409,42195,12632,77.39728600845375
Running,8/9/19 19:31,Cherry Hill Running,6.26,573,0:46:15,150,175,170,182,7:24,6:04,306,315,1.27,01:52.3,7,623,42195,12632,9.423654962964944
Running,8/8/19 17:58,Cherry Hill Running,3.01,249,0:21:40,142,171,172,182,7:12,6:03,103,106,1.3,00:04.1,4,291,42195,12632,98.86350098210058
Running,8/6/19 18:19,Cherry Hill Running,5.0,452,0:37:56,146,178,172,180,7:35,6:18,130,134,1.24,00:02.1,6,192,42195,12632,97.11003972939136
Running,8/4/19 18:36,Cherry Hill Running,6.5,582,0:46:59,153,174,172,182,7:14,6:23,262,263,1.29,03:40.2,7,217,42195,12632,16.74348694096821
Running,8/3/19 16:36,Anne Arundel County Running,4.0,345,0:27:26,156,178,172,182,6:51,5:10,73,72,1.36,00:00.9,5,524,42195,12632,91.5543110938345
Running,8/2/19 17:09,Anne Arundel County Running,3.68,318,0:30:34,137,158,168,176,8:18,5:09,97,97,1.15,05:43.1,4,450,42195,12632,78.36715597794878
Running,7/31/19 18:55,Cherry Hill Running,7.15,687,0:52:14,163,170,170,188,7:18,4:31,238,244,1.29,00:50.4,8,172,42195,12632,85.21002498278925
Running,7/30/19 8:27,Cherry Hill Running,4.5,398,0:37:30,138,156,170,178,8:20,7:14,118,122,1.14,04:00.5,5,567,42195,12632,96.92024442613616
Running,7/29/19 18:46,Voorhees Running,6.0,562,0:45:24,155,181,170,180,7:34,6:07,195,205,1.25,00:01.6,7,308,42195,12632,81.37750543823495
Running,7/27/19 10:12,Cherry Hill Running,5.0,470,0:36:25,160,183,174,182,7:17,5:34,229,225,1.27,00:01.5,6,321,42195,12632,11.765156312124503
Running,7/26/19 18:42,Cherry Hill Running,4.0,364,0:30:11,152,168,172,184,7:32,5:44,154,159,1.23,00:02.0,5,428,42195,12632,65.17484350664091
Running,7/25/19 18:52,Cherry Hill Running,6.0,523,0:43:30,154,171,172,178,7:15,5:51,107,107,1.3,00:01.5,7,626,42195,12632,19.120376143686833
Running,7/23/19 9:45,Cherry Hill Running,5.0,549,0:36:02,177,188,172,182,7:12,5:08,121,127,1.3,00:01.1,6,93,42195,12632,40.05793273422144
Running,7/22/19 10:57,Cherry Hill Running,4.0,381,0:28:00,163,180,172,182,7:00,3:47,125,130,1.33,00:01.2,5,137,42195,12632,31.509207303739505
Running,7/21/19 9:08,Cherry Hill Running,4.02,465,0:28:32,176,187,174,184,7:06,6:04,105,115,1.3,00:08.4,5,187,42195,12632,6.301374039924701
Running,7/19/19 19:41,Cherry Hill Running,4.01,432,0:30:53,153,174,170,178,7:43,6:32,118,114,1.23,00:02.7,5,208,42195,12632,79.2509621081655
Running,7/18/19 18:19,Cherry Hill Running,4.01,381,0:32:58,146,166,168,174,8:14,6:40,171,171,1.16,00:02.4,5,555,42195,12632,14.63293902027738
Running,7/16/19 18:32,Cherry Hill Running,4.0,429,0:31:30,159,178,170,176,7:52,6:34,70,70,1.21,00:01.3,5,234,42195,12632,20.89763484193803
Running,5/5/19 14:33,Allentown Running,2.0,128,0:13:43,128,142,182,188,6:51,4:21,63,61,1.29,00:02.0,3,231,42195,12632,95.37889738090776
Running,5/5/19 9:57,Allentown Running,2.05,149,0:14:28,133,146,184,194,7:04,1:18,47,35,1.23,00:23.7,3,164,42195,12632,19.29401373184143
Running,5/4/19 11:15,Allentown Running,5.0,339,0:39:05,129,160,176,184,7:49,6:10,170,176,1.17,00:00.9,6,235,42195,12632,39.680781249343454
Running,5/3/19 19:15,Allentown Running,1.93,158,0:17:50,126,137,168,182,9:14,7:39,3,3,1.04,08:18.5,2,258,42195,12632,78.37161115716832
Running,5/3/19 17:37,Allentown Running,2.23,150,0:15:18,132,142,184,196,6:52,5:37,125,120,1.27,01:29.4,3,242,42195,12632,74.73315790168989
Running,5/2/19 16:55,Baltimore Running,7.01,483,0:49:59,137,155,178,214,7:08,4:02,363,360,1.27,00:03.2,8,606,42195,12632,15.622081146306478
Running,5/1/19 11:44,Baltimore Running,9.0,473,1:00:46,126,186,182,194,6:45,4:55,353,348,1.31,00:02.5,10,625,42195,12632,63.47054412701089
Running,4/30/19 17:55,Baltimore Running,4.04,328,0:27:59,146,162,180,192,6:56,6:05,182,142,1.29,00:15.8,5,147,42195,12632,26.06131540665556
Running,4/30/19 17:20,Baltimore Running,0.79,81,06:31.1,145,152,168,208,8:14,7:26,43,46,1.16,00:00.0,1,94,42195,12632,24.319319416251005
Running,4/30/19 17:13,Baltimore Running,1.03,73,05:14.4,163,181,188,208,5:06,3:50,37,43,1.67,00:06.4,2,112,42195,12632,91.12635738087747
Running,4/30/19 17:04,Baltimore Running,1.03,72,05:14.8,160,182,188,204,5:05,3:52,39,52,1.68,00:07.5,2,505,42195,12632,94.75851657110603
Running,4/30/19 16:39,Baltimore Running,2.11,153,0:13:53,138,168,178,192,6:34,4:19,88,125,1.37,00:30.2,3,619,42195,12632,64.50135975772304
Running,4/29/19 9:13,Baltimore Running,10.01,637,1:06:14,138,158,182,192,6:37,5:01,748,739,1.34,00:03.5,11,546,42195,12632,36.54788251918375
Running,4/28/19 9:48,Baltimore Running,14.35,"1,002",1:34:29,156,194,180,194,6:35,4:48,781,779,1.35,02:10.5,15,486,42195,12632,34.16537426085075
Running,4/27/19 10:37,Baltimore Running,10.0,764,1:07:33,148,165,176,188,6:45,1:55,573,571,1.35,06:23.7,10,390,42195,12632,66.50651130428025
Running,4/25/19 11:22,Baltimore Running,4.02,311,0:29:04,138,176,176,192,7:13,5:57,227,234,1.26,00:13.6,5,219,42195,12632,17.037419266587584
Running,4/25/19 10:48,Baltimore Running,2.13,139,0:15:48,125,152,176,186,7:24,6:14,100,94,1.23,00:59.4,3,352,42195,12632,2.217013072633456
Running,4/24/19 6:35,Baltimore Running,12.01,752,1:21:00,138,174,176,188,6:45,5:26,764,764,1.35,00:02.7,13,330,42195,12632,42.33805962930265
Running,4/23/19 17:41,Baltimore Running,0.96,93,09:38.8,128,158,166,192,10:03,7:51,82,38,0.96,00:00.0,1,28,42195,12632,42.63986036487238
Running,4/23/19 17:27,Baltimore Running,0.73,69,04:44.6,164,184,172,232,6:32,3:25,20,19,1.43,00:00.0,1,311,42195,12632,73.03119059242825
Running,4/23/19 16:54,Baltimore Running,5.06,415,0:27:28,173,193,182,198,5:25,4:08,178,196,1.63,00:18.8,6,311,42195,12632,45.031081510314486
Running,4/23/19 16:28,Baltimore Running,2.07,143,0:13:35,134,161,180,188,6:35,4:41,89,125,1.37,00:18.6,3,266,42195,12632,74.78611653980876
Running,4/22/19 16:41,Baltimore Running,4.03,304,0:27:38,140,149,178,188,6:52,5:27,196,189,1.31,00:10.1,5,40,42195,12632,70.35257029451863
Running,4/22/19 9:11,Baltimore Running,10.09,638,1:07:13,138,160,180,192,6:40,5:48,535,544,1.34,00:36.3,11,375,42195,12632,37.248825328984225
Running,4/21/19 10:24,Cherry Hill Running,8.01,590,0:52:51,145,162,178,190,6:36,5:41,179,183,1.37,00:03.0,9,185,42195,12632,4.6745102704153885
Running,4/20/19 11:51,Chester Running,4.68,430,0:33:09,158,179,176,192,7:05,5:02,187,208,1.29,03:55.6,5,48,42195,12632,27.18988415839383
Running,4/20/19 10:42,Chester Running,2.47,251,0:17:39,163,184,178,190,7:08,3:51,114,98,1.27,03:04.9,3,604,42195,12632,10.359802527948347
Running,4/19/19 11:55,Baltimore Running,7.02,503,0:50:35,137,159,176,198,7:12,4:01,352,344,1.27,00:06.8,8,9,42195,12632,77.82044784297307
Running,4/18/19 17:07,Baltimore Running,4.13,383,0:31:13,148,158,176,186,7:33,5:46,195,157,1.2,00:59.2,5,88,42195,12632,41.93423003662168
Running,4/18/19 16:50,Baltimore Running,1.84,165,0:12:23,152,175,178,216,6:43,3:34,65,71,1.35,05:43.8,2,21,42195,12632,27.869376617499064
Running,4/18/19 16:28,Baltimore Running,2.1,162,0:14:32,138,153,178,186,6:55,4:55,93,129,1.31,00:29.9,3,13,42195,12632,0.03506078537325319
Running,4/15/19 9:13,Baltimore Running,9.0,571,1:02:28,135,158,180,194,6:56,5:45,838,842,1.29,00:01.6,10,595,42195,12632,27.437077766857808
Running,4/14/19 11:29,Baltimore Running,16.08,"1,060",1:51:34,145,189,180,192,6:56,5:24,962,959,1.3,00:33.7,17,212,42195,12632,43.98995726889636
Running,4/13/19 20:15,East Buffalo Running,2.0,175,0:16:51,134,141,170,184,8:25,5:21,4,7,1.12,00:02.2,3,227,42195,12632,23.351503090636783
Running,4/13/19 18:29,East Buffalo Running,2.48,211,0:16:54,146,171,178,192,6:49,4:51,124,125,1.34,03:00.9,3,309,42195,12632,33.6921722237297
Running,4/13/19 13:06,East Buffalo Running,2.01,156,0:14:15,136,154,180,190,7:06,6:10,61,58,1.27,00:02.0,3,210,42195,12632,35.01068854161041
Running,4/12/19 17:05,Baltimore Running,7.07,447,0:49:11,134,156,180,204,6:57,3:59,406,399,1.28,00:20.7,8,289,42195,12632,52.65193981357088
Running,4/11/19 16:32,Baltimore Running,10.0,641,1:07:56,137,185,180,194,6:48,4:36,891,890,1.32,06:33.4,10,261,42195,12632,85.58974929855529
Running,4/11/19 10:43,Baltimore Running,4.06,264,0:27:42,132,153,182,194,6:50,3:47,282,272,1.29,00:24.5,5,483,42195,12632,82.74514534649178
Running,4/10/19 9:16,Baltimore Running,10.02,677,1:08:24,142,161,180,192,6:50,5:44,400,397,1.31,00:08.3,11,80,42195,12632,80.661376788719
Running,4/9/19 17:42,Baltimore Running,3.78,379,0:27:37,159,179,178,202,7:18,6:11,173,142,1.23,05:50.5,4,467,42195,12632,8.94288917464251
Running,4/9/19 17:23,Baltimore Running,1.0,92,06:08.2,170,187,178,214,6:10,3:53,46,61,1.47,00:00.0,1,522,42195,12632,13.737747516741628
Running,4/9/19 16:58,Baltimore Running,3.83,240,0:19:16,147,176,188,196,5:02,4:36,153,154,1.7,04:15.4,4,580,42195,12632,93.30359716579962
Running,4/9/19 16:31,Baltimore Running,2.08,168,0:13:45,145,163,182,194,6:36,5:04,73,118,1.34,00:25.4,3,563,42195,12632,52.5530654262016
Running,4/8/19 16:40,Baltimore Running,3.75,230,0:29:07,121,192,178,192,7:46,4:32,177,177,1.17,05:18.0,4,637,42195,12632,41.50882116701625
Running,4/8/19 9:34,Baltimore Running,7.24,497,0:49:55,138,157,182,196,6:53,5:55,405,399,1.27,01:40.4,8,191,42195,12632,38.83234961990111
Running,4/7/19 11:11,Baltimore Running,16.01,"1,070",1:52:31,143,166,178,188,7:02,4:58,862,864,1.29,00:05.9,17,270,42195,12632,56.84879254112688
Running,4/6/19 18:24,Baltimore Running,9.72,605,1:08:46,134,175,176,182,7:05,5:27,783,799,1.29,05:07.0,10,307,42195,12632,32.180521097958945
Running,4/4/19 16:28,Baltimore Running,10.1,592,1:08:53,134,193,180,194,6:49,4:52,477,470,1.32,00:41.5,11,31,42195,12632,40.24036335317553
Running,4/3/19 16:48,Baltimore Running,4.04,257,0:27:47,132,150,182,192,6:53,5:59,291,287,1.29,00:14.9,5,286,42195,12632,44.22292554046311
Running,4/3/19 9:15,Baltimore Running,10.0,630,1:20:19,128,174,174,184,8:02,6:06,468,474,1.15,00:01.9,11,576,42195,12632,79.6679218606701
Running,4/2/19 17:52,Baltimore Running,1.48,150,0:15:50,129,162,166,180,10:44,7:46,97,58,0.9,05:24.0,2,60,42195,12632,85.21023934896432
Running,4/2/19 17:39,Baltimore Running,1.01,72,07:09.5,131,143,178,214,7:07,3:39,27,37,1.27,00:04.3,2,29,42195,12632,61.23000981290861
Running,4/2/19 17:29,Baltimore Running,1.05,38,04:30.6,121,140,202,208,4:17,3:51,38,38,1.86,00:12.9,2,8,42195,12632,99.30647661062106
Running,4/2/19 17:24,Baltimore Running,0.65,30,02:59.2,130,147,194,198,4:34,4:21,27,42,1.81,00:00.0,1,167,42195,12632,37.15555512371355
Running,4/2/19 17:18,Baltimore Running,0.65,29,02:58.2,129,136,196,198,4:34,4:21,26,42,1.8,00:00.0,1,47,42195,12632,74.44827173169905
Running,4/2/19 17:13,Baltimore Running,0.66,21,02:58.0,113,119,196,200,4:30,3:51,26,45,1.82,00:00.0,1,183,42195,12632,30.205491772846283
Running,4/2/19 17:08,Baltimore Running,0.65,18,02:57.2,108,116,196,200,4:31,4:20,23,30,1.82,00:00.0,1,277,42195,12632,96.31418999151133
Running,4/2/19 17:02,Baltimore Running,0.65,19,02:58.1,109,119,196,202,4:33,4:25,24,29,1.81,00:00.0,1,238,42195,12632,52.437761370442026
Running,4/2/19 16:57,Baltimore Running,0.65,22,02:54.1,114,132,200,208,4:28,4:16,27,43,1.8,00:00.0,1,463,42195,12632,37.09027338093116
Running,4/2/19 16:30,Baltimore Running,2.09,138,0:14:13,130,161,182,194,6:49,4:50,78,115,1.3,00:25.9,3,251,42195,12632,71.39880291963175
Running,4/1/19 9:16,Baltimore Running,10.01,617,1:10:04,137,184,182,196,7:00,3:58,487,488,1.27,00:03.5,11,49,42195,12632,17.417333695867786
Running,3/31/19 9:12,Baltimore Running,17.08,"1,026",1:57:51,140,177,182,196,6:54,4:59,985,979,1.29,00:36.6,18,164,42195,12632,5.825177167401529
Running,3/30/19 15:57,Baltimore Running,10.08,610,1:12:37,133,160,178,190,7:12,6:02,905,896,1.25,00:41.1,11,615,42195,12632,99.22101549646102
Running,3/29/19 20:38,Richmond Running,1.8,214,0:15:23,156,176,174,182,8:33,4:04,121,122,1.09,06:57.8,2,649,42195,12632,59.303997547918065
Running,3/29/19 19:02,Richmond Running,2.09,177,0:14:52,142,173,180,194,7:06,5:43,192,173,1.25,00:47.5,3,2,42195,12632,12.433598496793552
Running,3/28/19 21:48,Baltimore Running,3.0,214,0:23:15,129,142,176,188,7:44,0:26,90,93,1.18,00:02.1,4,279,42195,12632,0.4799650657682064
Running,3/28/19 9:53,New York Running,4.0,237,0:28:32,124,138,180,200,7:08,2:49,31,31,1.25,00:00.6,5,485,42195,12632,69.10508019582345
Running,3/27/19 8:58,Baltimore Running,10.01,901,1:09:59,155,179,184,200,7:00,4:26,682,674,1.25,00:02.2,11,202,42195,12632,11.806751412208271
Running,3/26/19 17:41,Baltimore Running,3.0,225,0:22:38,133,161,182,198,7:33,6:36,229,194,1.17,00:02.3,4,633,42195,12632,65.90648216354144
Running,3/26/19 16:55,Baltimore Running,4.87,306,0:23:38,152,173,192,212,4:51,4:02,79,87,1.72,04:04.0,5,677,42195,12632,0.8149347355752234
Running,3/26/19 16:29,Baltimore Running,2.12,127,0:14:08,124,150,184,196,6:41,4:48,71,105,1.31,00:34.1,3,358,42195,12632,42.28885260707857
Running,3/26/19 9:47,Baltimore Running,4.06,231,0:28:30,122,144,186,194,7:01,4:42,483,473,1.23,00:24.3,5,44,42195,12632,26.88463398472112
Running,3/25/19 9:12,Baltimore Running,10.0,610,1:07:08,136,158,184,196,6:43,5:31,519,514,1.3,00:01.9,11,67,42195,12632,36.17046754703469
Running,3/24/19 10:48,Baltimore Running,17.5,"1,117",1:59:19,142,165,180,218,6:49,5:09,971,978,1.32,03:40.8,18,177,42195,12632,92.1657515872675
Running,3/23/19 9:13,Santurce Running,10.0,738,1:09:40,144,163,180,192,6:58,4:24,462,462,1.28,00:01.1,11,424,42195,12632,86.73033107828151
Running,3/21/19 19:08,Santurce Running,10.0,"1,034",1:13:03,164,170,176,186,7:18,5:12,449,449,1.25,06:53.7,10,5,42195,12632,92.82709853681652
Running,3/20/19 9:07,Santurce Running,10.03,667,1:22:41,130,149,174,182,8:15,6:05,475,477,1.12,00:18.4,11,622,42195,12632,83.29251426895713
Running,3/19/19 17:24,Isla Verde - Running,8.0,900,0:52:37,188,209,180,202,6:34,4:14,260,254,1.35,00:01.3,9,633,42195,12632,92.27204446995174
Running,3/19/19 17:04,Santurce - Running,1.99,200,0:13:53,158,187,184,190,6:58,6:10,56,60,1.26,06:53.0,2,374,42195,12632,87.34400342312567
Running,3/18/19 9:13,Santurce - Running,8.45,704,0:53:44,153,171,180,192,6:21,3:51,463,462,1.4,02:50.3,9,200,42195,12632,9.917547782813774
Running,3/17/19 8:40,Santurce - Running,17.0,"1,198",1:56:42,146,157,178,190,6:52,5:23,430,429,1.32,00:00.1,18,660,42195,12632,76.53980489730391
Running,3/16/19 17:38,Santurce - Running,10.23,679,1:11:48,138,158,178,192,7:01,0:25,541,541,1.29,01:41.8,11,264,42195,12632,45.93109047755487
Running,3/15/19 18:16,Baltimore - Running,10.0,612,1:09:08,135,154,178,192,6:55,5:41,516,516,1.31,06:42.8,10,372,42195,12632,87.52130255840075
Running,3/14/19 17:32,Baltimore - Running,1.98,172,0:14:50,141,153,176,188,7:29,6:32,106,60,1.22,07:21.3,2,248,42195,12632,2.129558185445335
Running,3/14/19 16:58,Baltimore - Running,5.9,392,0:30:05,154,165,186,194,5:06,4:33,58,62,1.7,04:37.2,6,314,42195,12632,90.84681480870339
Running,3/14/19 10:42,Baltimore - Running,3.0,219,0:21:05,135,154,180,188,7:02,4:15,120,114,1.27,06:54.4,3,132,42195,12632,47.22285780702137
Running,3/13/19 10:14,Baltimore - Running,10.0,600,1:10:28,133,152,180,190,7:03,5:56,694,705,1.27,06:52.8,10,343,42195,12632,81.3344370319507
Running,3/12/19 17:42,Baltimore - Running,2.84,200,0:22:12,128,144,176,194,7:50,6:07,171,150,1.17,05:51.6,3,522,42195,12632,65.8798288204023
Running,3/12/19 17:25,Baltimore - Running,1.16,88,07:31.0,143,182,180,210,6:28,3:44,32,37,1.37,00:41.5,2,528,42195,12632,41.14930558005652
Running,3/12/19 17:14,Baltimore - Running,2.08,84,0:10:03,124,170,190,198,4:50,2:43,86,89,1.75,00:21.9,3,215,42195,12632,12.03182564190357
Running,3/12/19 16:57,Baltimore - Running,2.09,60,0:10:05,105,132,190,198,4:50,4:34,56,62,1.74,00:24.4,3,384,42195,12632,20.045837529687315
Running,3/12/19 16:31,Baltimore - Running,2.12,127,0:13:52,126,150,182,194,6:33,4:53,83,118,1.35,00:34.5,3,445,42195,12632,11.89457540317308
Running,3/11/19 9:13,Baltimore - Running,10.02,564,1:01:33,134,169,184,196,6:09,4:44,724,714,1.42,00:09.1,11,676,42195,12632,46.3600109722803
Running,3/10/19 10:58,Philadelphia - Running,18.01,"1,220",1:58:32,149,180,176,188,6:35,1:36,506,505,1.38,00:01.6,19,467,42195,12632,44.29514820157122
Running,3/9/19 17:36,Philadelphia - Running,10.01,594,1:10:07,129,181,178,184,7:00,5:32,305,305,1.29,00:03.5,11,203,42195,12632,84.43091759415708
Running,3/8/19 20:03,Philadelphia - Running,4.08,456,0:32:21,156,182,176,186,7:56,4:55,184,184,1.15,00:38.6,5,564,42195,12632,66.64007628326381
Running,3/7/19 17:36,Boca Raton - Running,8.5,595,0:56:07,144,170,178,188,6:36,5:14,41,31,1.37,03:31.5,9,320,42195,12632,40.38376408002027
Running,3/7/19 17:14,Boca Raton - Running,2.5,181,0:16:12,137,165,180,190,6:29,4:50,10,17,1.38,02:52.7,3,120,42195,12632,58.201280886383046
Running,3/6/19 11:09,Boca Raton - Running,4.01,266,0:27:51,130,141,178,186,6:57,3:04,7,7,1.3,00:02.7,5,682,42195,12632,51.16110808397888
Running,3/5/19 18:13,Boca Raton - Running,10.0,657,1:10:02,138,149,176,186,7:00,5:53,20,20,1.3,00:01.9,11,208,42195,12632,18.453731566465294
Running,3/4/19 9:14,Baltimore - Running,10.0,471,1:01:19,126,139,184,196,6:08,5:11,531,529,1.42,00:01.7,11,502,42195,12632,28.901562030043525
Running,3/3/19 10:10,Baltimore - Running,16.12,737,1:48:57,121,156,180,194,6:45,5:22,"1,026","1,021",1.32,00:51.0,17,413,42195,12632,49.7625003353549
Running,3/2/19 11:12,Baltimore - Running,10.08,653,1:08:24,137,163,180,192,6:47,5:49,434,428,1.32,00:31.4,11,540,42195,12632,50.1919426743729
Running,3/1/19 16:14,Baltimore - Running,11.0,657,1:16:03,136,154,178,190,6:55,6:02,546,546,1.3,00:01.8,12,448,42195,12632,43.20664563737081
Running,2/28/19 17:27,Baltimore - Running,4.0,206,0:28:32,119,133,176,194,7:08,5:54,178,140,1.28,00:02.0,5,580,42195,12632,18.296456353328484
Running,2/28/19 16:54,Baltimore - Running,5.21,212,0:25:36,125,159,188,196,4:55,4:17,138,137,1.74,00:56.6,6,284,42195,12632,80.67174390561973
Running,2/28/19 16:29,Baltimore - Running,2.09,137,0:13:58,131,138,180,188,6:40,4:44,68,112,1.35,00:28.3,3,477,42195,12632,28.20322640970404
Running,2/27/19 16:42,Baltimore Running,4.03,274,0:27:27,136,151,182,194,6:48,5:05,153,146,1.3,06:36.9,5,392,42195,12632,67.12762739123048
Running,2/27/19 10:17,Baltimore Running,9.0,611,1:02:19,139,158,178,186,6:55,5:48,764,763,1.31,06:35.7,10,405,42195,12632,38.3619202822693
Running,2/26/19 17:29,Baltimore Running,3.96,345,0:27:48,153,180,178,204,7:02,6:06,200,161,1.28,06:47.2,4,46,42195,12632,64.46393494512404
Running,2/26/19 16:55,Baltimore Running,4.63,280,0:23:39,146,160,188,208,5:07,2:32,135,147,1.68,04:58.5,5,527,42195,12632,86.06654035871686
Running,2/25/19 9:11,Baltimore Running,10.03,648,1:08:34,141,157,182,194,6:50,5:51,538,533,1.29,06:35.2,11,288,42195,12632,10.951068467195713
Running,2/24/19 6:47,Baltimore Running,15.0,795,1:52:08,129,154,176,184,7:28,4:59,818,822,1.23,06:04.9,16,659,42195,12632,25.302413523142096
Running,2/23/19 14:24,Manheim Running,3.63,262,0:26:43,135,152,178,186,7:22,6:41,87,84,1.23,07:11.6,4,626,42195,12632,52.75976531171089
Running,2/23/19 12:36,Lancaster Running,2.18,161,0:14:29,141,172,182,194,6:38,5:09,56,58,1.33,06:30.7,3,272,42195,12632,29.212760387389125
Running,2/22/19 16:34,Baltimore Running,7.01,320,0:46:00,123,157,182,226,6:34,3:48,403,416,1.35,06:02.1,8,274,42195,12632,97.32404512620072
Running,2/21/19 16:28,Baltimore Running,10.05,628,1:07:14,140,163,178,202,6:41,4:25,757,753,1.35,06:11.5,11,317,42195,12632,23.853418834739102
Running,2/21/19 10:34,Baltimore Running,4.08,359,0:27:48,158,168,180,190,6:49,5:18,270,266,1.31,06:41.4,5,298,42195,12632,86.64145402967641
Running,2/20/19 9:57,Baltimore Running,10.0,626,1:12:05,136,181,178,190,7:12,5:40,766,781,1.25,06:57.1,11,559,42195,12632,51.46006343721853
Running,2/19/19 17:31,Baltimore Running,4.0,435,0:28:51,177,198,180,198,7:13,5:32,195,155,1.23,07:06.7,4,549,42195,12632,60.56989086676955
Running,2/19/19 17:01,Baltimore Running,3.7,230,0:18:13,152,171,192,214,4:55,3:54,89,93,1.7,04:58.1,4,5,42195,12632,53.155627029534955
Running,2/19/19 16:35,Baltimore Running,2.06,153,0:13:44,140,170,182,192,6:40,5:11,71,108,1.32,06:23.7,3,104,42195,12632,33.3026743672756
Running,2/18/19 9:10,Baltimore Running,10.04,638,1:07:14,141,162,180,192,6:42,4:56,578,578,1.33,06:25.0,11,297,42195,12632,93.98449877820781
Running,2/17/19 10:35,Running,14.21,962,1:34:00,146,180,178,196,6:37,4:34,819,814,1.36,05:08.2,15,368,42195,12632,53.87781545345368
Running,2/16/19 10:33,Baltimore Running,9.5,507,1:05:01,128,156,180,206,6:51,4:11,750,745,1.3,06:08.0,10,78,42195,12632,96.15496138929494
Running,2/15/19 16:35,Baltimore Running,10.08,917,1:11:27,159,177,176,188,7:05,5:58,492,488,1.29,06:49.5,11,648,42195,12632,53.21887614936512
Running,2/14/19 17:35,Baltimore Running,4.02,281,0:30:17,133,150,176,198,7:32,6:26,224,186,1.21,07:19.5,5,278,42195,12632,19.52034805597892
Running,2/14/19 16:53,Baltimore Running,4.58,150,0:23:10,115,152,190,210,5:03,3:54,105,112,1.67,04:48.3,5,558,42195,12632,56.47643900373601
Running,2/14/19 16:28,Baltimore Running,2.08,136,0:13:47,133,157,182,192,6:37,4:47,84,117,1.34,06:24.1,3,209,42195,12632,81.79905993974724
Running,2/13/19 17:03,Baltimore Running,11.31,"1,052",1:18:09,166,195,180,192,6:55,5:47,"1,101","1,091",1.3,06:27.5,12,502,42195,12632,63.915308247538945
Running,2/12/19 17:31,Baltimore Running,2.79,202,0:24:47,126,146,172,182,8:53,8:06,155,66,1.06,08:40.3,3,18,42195,12632,51.76304566330147
Running,2/12/19 16:58,Baltimore Running,4.04,304,0:22:37,164,178,186,196,5:36,5:02,34,38,1.55,05:19.4,5,409,42195,12632,51.555523487906484
Running,2/12/19 16:34,Baltimore Running,2.12,119,0:14:26,123,144,182,194,6:49,0:25,114,96,1.31,06:39.1,3,201,42195,12632,33.201672215415435
Running,2/11/19 16:42,Baltimore Running,3.07,243,0:22:52,140,161,176,188,7:26,5:50,236,232,1.23,07:09.3,4,276,42195,12632,89.03208351902978
Running,2/11/19 9:17,Baltimore Running,10.0,761,1:12:35,146,176,176,206,7:15,5:28,887,890,1.26,07:00.8,11,36,42195,12632,5.665754336226769
Running,2/10/19 9:36,Baltimore County Running,16.01,896,1:43:30,140,164,178,186,6:28,5:23,"1,061","1,062",1.4,05:55.1,17,563,42195,12632,48.72111319098824
Running,2/9/19 10:55,Baltimore Running,10.0,618,1:09:57,139,180,178,188,7:00,5:47,618,616,1.29,06:31.3,11,684,42195,12632,40.24248243435128
Running,2/8/19 11:37,Annapolis Running,3.03,322,0:25:14,157,179,172,182,8:19,5:51,68,67,1.12,08:15.9,4,242,42195,12632,86.09268898122664
Running,2/8/19 10:25,Annapolis Running,2.5,186,0:17:25,141,167,178,190,6:59,2:08,38,39,1.3,07:04.1,3,120,42195,12632,52.0678540915659
Running,2/7/19 16:30,Baltimore Running,8.09,522,1:00:20,137,161,174,192,7:27,4:28,393,395,1.24,06:25.8,9,123,42195,12632,60.98079816578893
Running,2/6/19 16:39,Baltimore Running,3.02,243,0:20:31,150,184,180,190,6:48,5:40,119,118,1.31,06:45.4,4,108,42195,12632,25.868672282860306
Running,2/6/19 9:52,Baltimore Running,11.0,844,1:18:54,157,180,176,184,7:10,6:17,"1,054","1,065",1.28,06:57.0,12,663,42195,12632,24.05196398652336
Running,2/5/19 17:29,Baltimore Running,2.03,154,0:17:37,129,144,172,202,8:42,6:18,133,100,1.07,08:16.8,3,189,42195,12632,99.27615868889049
Running,2/5/19 16:52,Baltimore Running,3.82,251,0:18:50,165,193,190,214,4:56,3:42,96,112,1.73,05:04.5,4,168,42195,12632,29.095397679938095
Running,2/5/19 16:28,Baltimore Running,2.07,140,0:13:58,136,161,178,186,6:44,5:12,71,104,1.35,06:17.0,3,295,42195,12632,66.2482140247271
Running,2/4/19 9:09,Baltimore Running,11.0,514,1:13:57,127,178,180,196,6:43,4:11,780,782,1.33,06:29.9,12,89,42195,12632,53.60426152662215
Running,2/3/19 9:56,Philadelphia Running,15.01,982,1:45:34,146,178,178,186,7:02,4:39,643,645,1.29,06:16.0,16,136,42195,12632,40.85681738049507
Running,2/2/19 17:13,Philadelphia Running,4.18,242,0:34:14,123,134,174,180,8:12,5:16,190,190,1.13,07:59.3,5,520,42195,12632,1.4972171282444102
Running,2/1/19 18:43,New York Running,1.39,121,0:11:55,138,153,172,182,8:33,2:01,54,54,1.1,08:26.6,2,349,42195,12632,38.14374764096554
Running,2/1/19 17:13,New York Running,2.78,194,0:19:57,137,159,178,196,7:10,0:26,132,121,1.26,06:43.7,3,59,42195,12632,72.43347812368792
Running,1/29/19 17:39,Baltimore Running,4.35,515,0:33:57,180,195,176,198,7:49,6:50,198,162,1.18,00:00.0,5,552,42195,12632,58.28678374186386
Running,1/29/19 17:27,Baltimore Running,0.76,57,03:46.9,179,193,192,204,4:58,4:36,23,29,1.69,00:00.0,1,657,42195,12632,15.657689565762045
Running,1/29/19 17:21,Baltimore Running,0.76,54,03:41.0,177,193,194,198,4:50,4:24,36,41,1.72,00:00.0,1,316,42195,12632,84.53278517059312
Running,1/29/19 17:16,Baltimore Running,0.75,55,03:41.9,176,186,192,198,4:54,4:38,35,42,1.71,00:00.0,1,168,42195,12632,49.930825532446796
Running,1/29/19 17:10,Baltimore Running,0.75,54,03:45.3,170,181,192,196,4:58,4:41,38,41,1.69,00:00.0,1,627,42195,12632,37.87424992241881
Running,1/29/19 17:04,Baltimore Running,0.75,53,03:48.3,164,176,192,198,5:02,4:46,35,41,1.66,00:00.0,1,529,42195,12632,91.95494447886972
Running,1/29/19 16:59,Baltimore Running,0.76,51,03:50.0,159,170,194,200,5:02,4:44,39,41,1.65,00:00.0,1,578,42195,12632,40.255773392721174
Running,1/29/19 16:31,Baltimore Running,2.06,186,0:14:36,154,181,180,192,7:06,5:04,73,113,1.25,00:00.0,3,25,42195,12632,94.27680217109298
Running,1/28/19 16:52,Baltimore Running,10.0,683,1:11:26,144,174,176,188,7:08,5:56,679,685,1.28,00:00.0,11,392,42195,12632,34.87914235010897
Running,1/27/19 10:58,Baltimore Running,15.55,"1,210",1:41:57,157,186,178,190,6:33,4:43,827,822,1.37,00:00.0,16,298,42195,12632,73.62432400852582
Running,1/26/19 10:48,Baltimore Running,10.25,699,1:13:52,141,162,178,190,7:13,5:13,971,962,1.26,00:00.0,11,263,42195,12632,40.665520061394375
Running,1/25/19 19:13,Fairfax County Running,3.55,325,0:26:43,151,173,174,192,7:32,6:34,264,265,1.23,00:00.0,4,409,42195,12632,69.69239510197019
Running,1/25/19 17:52,Fairfax County Running,2.49,197,0:17:44,144,182,178,194,7:08,4:24,179,184,1.27,00:00.0,3,508,42195,12632,17.185315211060104
Running,1/24/19 15:17,Baltimore Running,7.01,455,0:49:35,139,160,178,208,7:04,4:19,411,412,1.28,00:00.0,8,596,42195,12632,70.01723460668326
Running,1/23/19 15:58,Baltimore Running,10.04,847,1:16:18,151,156,172,182,7:36,6:09,664,658,1.23,00:00.0,11,309,42195,12632,31.51289470087184
Running,1/22/19 16:09,Baltimore Running,3.52,380,0:27:09,165,180,176,194,7:43,6:35,167,143,1.19,00:00.0,4,359,42195,12632,18.743994310850564
Running,1/22/19 15:54,Baltimore Running,1.51,98,07:16.7,161,177,194,200,4:50,4:27,44,50,1.71,00:00.0,2,227,42195,12632,10.365485266828289
Running,1/22/19 15:35,Baltimore Running,3.03,199,0:15:34,155,190,190,198,5:08,4:43,77,81,1.65,00:00.0,4,459,42195,12632,96.37774220532933
Running,1/22/19 15:11,Baltimore Running,2.1,145,0:14:32,134,154,178,194,6:56,4:30,87,130,1.3,00:00.0,3,413,42195,12632,3.7778241395747814
Running,1/21/19 15:16,Baltimore Running,10.04,617,1:09:26,138,157,178,190,6:55,5:58,534,527,1.31,00:00.0,11,428,42195,12632,53.67802451268934
Running,1/20/19 10:48,Baltimore Running,14.25,"1,060",1:34:50,153,177,180,192,6:39,5:07,793,793,1.35,00:00.0,15,668,42195,12632,13.169654965600175
Running,1/19/19 15:37,Baltimore Running,10.03,660,1:09:49,141,167,178,196,6:58,4:31,799,809,1.3,00:00.0,11,404,42195,12632,23.76734435531874
Running,1/18/19 16:25,Baltimore Running,1.85,128,0:15:34,124,152,174,198,8:25,6:33,115,77,1.1,00:00.0,2,349,42195,12632,73.07153487674428
Running,1/18/19 16:23,Baltimore Running,0.26,7,01:08.6,109,130,200,208,4:24,4:10,12,15,1.83,00:00.0,1,148,42195,12632,73.93212621007143
Running,1/18/19 16:20,Baltimore Running,0.25,7,01:10.6,112,135,200,208,4:38,4:12,12,15,1.74,00:00.0,1,91,42195,12632,18.82058632515722
Running,1/18/19 16:18,Baltimore Running,0.25,7,01:06.9,112,134,202,206,4:27,4:13,13,15,1.79,00:00.0,1,256,42195,12632,15.530273617818423
Running,1/18/19 16:16,Baltimore Running,0.26,8,01:07.6,119,125,200,204,4:20,4:13,13,15,1.86,00:00.0,1,657,42195,12632,94.4272280463065
Running,1/18/19 16:09,Baltimore Running,0.75,31,03:46.3,122,131,194,202,5:00,4:28,22,29,1.66,00:00.0,1,610,42195,12632,97.09347617233466
Running,1/18/19 16:03,Baltimore Running,0.75,29,03:47.4,119,123,192,200,5:03,4:31,33,38,1.66,00:00.0,1,282,42195,12632,33.7788039012144
Running,1/18/19 15:58,Baltimore Running,0.5,17,02:25.5,115,123,196,204,4:49,4:30,27,27,1.71,00:00.0,1,188,42195,12632,50.80335413567835
Running,1/18/19 15:53,Baltimore Running,0.5,17,02:24.9,113,134,196,200,4:49,4:26,25,26,1.71,00:00.0,1,301,42195,12632,98.98200901794992
Running,1/18/19 15:49,Baltimore Running,0.51,16,02:23.0,112,128,194,202,4:41,4:30,24,27,1.77,00:00.0,1,408,42195,12632,82.99459222409446
Running,1/18/19 15:24,Baltimore Running,2.21,113,0:14:46,122,145,180,194,6:40,4:34,77,114,1.34,00:00.0,3,429,42195,12632,56.25691529434502
Running,1/17/19 18:21,Baltimore Running,8.01,648,0:53:52,155,184,176,184,6:44,3:25,224,230,1.36,00:00.0,9,57,42195,12632,91.17723073404646
Running,1/16/19 10:06,Baltimore Running,9.32,934,1:05:14,173,201,180,192,7:00,5:40,627,627,1.27,00:00.0,10,71,42195,12632,60.41458171836152
Running,1/15/19 16:21,Baltimore Running,1.99,214,0:17:21,151,176,172,188,8:42,7:24,86,48,1.07,00:00.0,2,536,42195,12632,67.05038582212349
Running,1/15/19 16:05,Baltimore Running,1.26,86,06:22.6,160,168,188,194,5:03,4:49,35,41,1.68,00:00.0,2,255,42195,12632,10.385522200456876
Running,1/15/19 15:57,Baltimore Running,1.26,90,06:32.3,162,170,188,196,5:13,4:46,42,49,1.63,00:00.0,2,291,42195,12632,50.37836160943638
Running,1/15/19 15:49,Baltimore Running,1.26,85,06:32.8,153,163,190,196,5:11,4:54,44,51,1.64,00:00.0,2,621,42195,12632,50.96094610070845
Running,1/15/19 15:41,Baltimore Running,1.27,83,06:32.1,152,175,190,198,5:08,4:43,31,38,1.64,00:00.0,2,268,42195,12632,31.042793075972654
Running,1/15/19 15:15,Baltimore Running,2.11,152,0:14:06,138,166,180,194,6:42,4:34,89,125,1.34,00:00.0,3,103,42195,12632,57.84771861795262
Running,1/14/19 15:36,Baltimore Running,9.62,744,1:01:46,155,183,180,194,6:25,5:18,497,494,1.39,00:00.0,10,134,42195,12632,65.36578998527648
Running,1/14/19 10:36,Baltimore Running,2.13,145,0:14:45,132,150,184,192,6:56,5:41,169,162,1.27,00:00.0,3,537,42195,12632,15.80311075915043
Running,1/13/19 9:19,Baltimore Running,13.0,"1,057",1:35:11,152,172,174,180,7:19,6:26,680,680,1.27,00:00.0,13,628,42195,12632,34.97446529417173
Running,1/12/19 13:58,New York Running,2.45,216,0:19:58,140,152,176,182,8:08,3:57,7,7,1.13,00:00.0,3,473,42195,12632,40.39081540667222
Running,1/12/19 12:32,New York Running,2.45,207,0:17:35,145,179,178,192,7:11,5:09,11,13,1.26,00:00.0,3,551,42195,12632,32.23816123488403
Running,1/11/19 15:21,Baltimore Running,7.0,505,0:52:26,140,154,174,188,7:29,5:51,330,331,1.23,00:00.0,7,226,42195,12632,3.028847245533395
Running,1/10/19 16:04,Baltimore Running,4.06,421,0:28:14,172,188,176,184,6:57,5:20,178,141,1.31,00:00.0,5,548,42195,12632,54.00249758543764
Running,1/10/19 15:42,Baltimore Running,3.04,289,0:18:31,181,192,182,208,6:06,4:27,64,69,1.45,00:00.0,4,152,42195,12632,50.60347247730989
Running,1/10/19 15:16,Baltimore Running,2.06,188,0:14:04,158,188,178,196,6:49,4:41,73,107,1.33,00:00.0,3,451,42195,12632,26.02374444022617
Running,1/9/19 10:14,Baltimore Running,8.05,640,0:56:30,148,171,178,190,7:01,5:50,695,689,1.29,00:00.0,9,55,42195,12632,54.580979364053725
Running,1/8/19 16:44,Baltimore Running,1.18,140,0:10:47,152,175,172,188,9:07,7:32,80,43,1.03,00:00.0,2,171,42195,12632,34.91131198763273
Running,1/8/19 15:56,Baltimore Running,4.56,311,0:25:35,148,181,184,210,5:36,4:06,159,164,1.55,00:00.0,5,359,42195,12632,35.592365310985194
Running,1/8/19 15:31,Baltimore Running,2.09,192,0:14:23,157,188,176,190,6:53,5:12,77,113,1.32,00:00.0,3,441,42195,12632,97.04970739014406
Running,1/7/19 15:30,Baltimore Running,10.0,736,1:01:28,151,183,180,192,6:09,5:23,526,530,1.47,00:00.0,11,52,42195,12632,99.0487366517078
Running,1/4/19 11:49,Voorhees Running,2.23,217,0:16:17,155,182,174,180,7:18,6:46,62,63,1.27,00:00.0,3,313,42195,12632,91.28500239342888
Running,1/4/19 11:13,Voorhees Running,4.0,296,0:22:17,155,164,182,192,5:34,5:10,84,81,1.59,00:00.0,4,415,42195,12632,44.396576447273375
Running,1/4/19 10:43,Voorhees Running,2.01,172,0:14:36,145,179,176,184,7:15,4:51,28,25,1.26,00:00.0,3,546,42195,12632,22.029903129535946
Running,1/3/19 11:26,Cherry Hill Running,8.01,437,0:53:33,128,176,174,182,6:41,5:41,313,313,1.38,00:00.0,9,510,42195,12632,21.267285109084277
Running,1/2/19 11:29,Cherry Hill Running,8.01,568,0:57:47,137,166,174,180,7:13,5:50,256,245,1.28,00:00.0,9,506,42195,12632,33.17119478617059
Running,1/1/19 12:07,Cherry Hill Running,7.0,630,0:47:37,158,170,172,180,6:48,4:14,219,223,1.38,00:00.0,8,147,42195,12632,58.08931450388265
Running,12/31/18 14:41,Cherry Hill Running,7.07,570,0:53:51,144,168,172,180,7:37,5:34,174,181,1.23,00:00.0,8,644,42195,12632,23.16997521314792
Running,12/30/18 10:40,Cherry Hill Running,8.51,796,0:58:23,161,184,174,184,6:52,5:54,278,281,1.34,00:00.0,9,134,42195,12632,44.1118679698333
Running,12/29/18 16:45,Voorhees Running,7.56,624,0:57:44,143,178,172,182,7:38,6:39,176,176,1.23,00:00.0,8,538,42195,12632,73.84723497214556
Running,12/27/18 8:47,Cherry Hill Running,5.0,395,0:36:54,140,165,174,180,7:23,5:53,138,142,1.26,00:00.0,5,99,42195,12632,30.420122048600128
Running,12/24/18 10:45,Cherry Hill Running,5.29,458,0:37:54,148,164,176,182,7:10,6:33,142,146,1.28,00:00.0,6,24,42195,12632,57.783321882782545
Running,11/30/18 16:43,Baltimore Running,4.98,371,0:36:41,138,173,172,184,7:22,3:55,279,279,1.26,00:00.0,5,9,42195,12632,46.19759662137633
Running,11/29/18 16:28,Baltimore Running,7.9,512,0:55:10,138,164,174,184,6:59,4:52,900,879,1.33,00:00.0,8,645,42195,12632,56.70880911396537
Running,11/27/18 17:38,Baltimore Running,1.17,110,09:47.8,138,150,174,196,8:21,4:02,80,44,1.11,00:00.0,2,101,42195,12632,40.084264469194466
Running,11/27/18 16:31,Baltimore Running,2.09,144,0:13:57,133,156,178,190,6:41,4:16,73,108,1.35,00:00.0,3,150,42195,12632,34.61613740002224
Running,11/26/18 16:29,Baltimore Running,9.01,658,1:00:41,150,181,176,186,6:44,5:14,526,525,1.36,00:00.0,10,275,42195,12632,40.202177807083075
Running,11/25/18 16:05,Baltimore Running,11.94,711,1:26:31,137,166,174,186,7:15,5:32,722,718,1.27,00:00.0,12,38,42195,12632,84.26869531377193
Running,11/24/18 9:43,Haddon Running,1.62,180,0:13:36,153,168,168,192,8:25,7:17,27,24,1.14,00:00.0,2,573,42195,12632,61.3438712075034
Running,11/24/18 9:16,Haddon Running,3.13,209,0:16:03,151,161,186,210,5:08,4:15,37,37,1.69,00:00.0,4,191,42195,12632,16.968230027049813
Running,11/24/18 8:27,Haddon Running,2.17,184,0:14:51,149,182,176,188,6:50,2:06,49,45,1.34,00:00.0,3,289,42195,12632,49.674332954258446
Running,11/21/18 10:57,Voorhees Running,1.53,131,0:10:37,146,161,176,182,6:56,6:17,33,40,1.32,00:00.0,2,459,42195,12632,3.6718638059664466
Running,11/20/18 15:15,Cherry Hill Running,6.94,457,0:47:12,135,182,176,196,6:48,5:48,126,128,1.35,00:00.0,7,533,42195,12632,38.710739334564394
Running,11/19/18 10:33,Voorhees Running,7.44,520,0:52:08,139,165,176,184,7:01,5:54,191,209,1.31,00:00.0,8,435,42195,12632,50.737176465193144
Running,11/13/18 17:31,Baltimore Running,1.8,187,0:14:04,156,191,172,186,7:48,7:05,143,61,1.2,00:00.0,2,643,42195,12632,60.94393400069544
Running,11/13/18 17:11,Baltimore Running,2.72,177,0:14:22,147,157,182,190,5:17,4:54,24,28,1.68,00:00.0,3,132,42195,12632,60.53303078884205
Running,11/13/18 16:56,Baltimore Running,2.7,159,0:14:15,140,148,186,194,5:16,5:04,30,31,1.64,00:00.0,3,677,42195,12632,89.33777362456918
Running,11/13/18 16:30,Baltimore Running,2.05,127,0:14:03,127,143,176,188,6:51,5:06,51,142,1.33,00:00.0,3,603,42195,12632,82.23705521090564
Running,11/11/18 10:14,Baltimore Running,14.0,822,1:42:02,136,178,174,186,7:17,5:34,735,829,1.28,00:00.0,14,186,42195,12632,56.94693870212328
Running,11/8/18 16:28,Baltimore Running,7.54,674,0:51:39,160,198,176,206,6:51,4:10,465,462,1.34,00:00.0,8,97,42195,12632,61.21239300514482
Running,11/6/18 17:31,Baltimore Running,1.19,148,0:10:33,164,186,168,182,8:51,7:24,74,38,1.08,00:00.0,2,94,42195,12632,82.16342686089
Running,11/6/18 17:18,Baltimore Running,1.28,96,06:31.3,172,189,186,192,5:05,4:54,44,51,1.71,00:00.0,2,389,42195,12632,34.24123402136255
Running,11/6/18 17:10,Baltimore Running,1.29,96,06:32.2,172,186,186,192,5:04,4:49,34,40,1.71,00:00.0,2,548,42195,12632,72.8304012204457
Running,11/6/18 17:03,Baltimore Running,1.28,86,06:32.3,155,188,186,192,5:05,4:52,33,43,1.69,00:00.0,2,543,42195,12632,54.02149254968527
Running,11/6/18 16:55,Baltimore Running,1.3,71,06:29.4,137,156,190,196,4:59,4:35,53,59,1.71,00:00.0,2,310,42195,12632,28.421513673964803
Running,11/6/18 16:30,Baltimore Running,1.89,125,0:12:43,130,150,176,190,6:44,4:49,81,115,1.36,00:00.0,2,420,42195,12632,93.94588070576462
Running,11/5/18 16:38,Baltimore Running,8.0,436,0:48:51,130,164,178,186,6:06,5:00,608,600,1.48,00:00.0,9,92,42195,12632,31.586977959602457
Running,11/4/18 10:16,Baltimore Running,12.17,908,1:18:46,152,173,178,192,6:28,4:41,779,798,1.39,00:00.0,13,152,42195,12632,55.16270725351213
Running,11/3/18 10:01,Baltimore Running,6.03,447,0:47:24,136,153,172,180,7:52,5:20,331,322,1.19,00:00.0,7,605,42195,12632,9.59442327268395
Running,11/2/18 16:13,Baltimore Running,5.07,346,0:36:38,134,152,174,182,7:14,3:28,321,314,1.29,00:00.0,6,208,42195,12632,79.39462033615011
Running,11/1/18 17:13,Baltimore Running,2.72,264,0:21:15,148,160,172,182,7:48,6:22,326,314,1.2,00:00.0,3,146,42195,12632,69.69158270248393
Running,11/1/18 17:00,Baltimore Running,0.83,76,05:00.1,176,183,184,192,6:00,2:05,138,182,1.46,00:00.0,1,116,42195,12632,44.910414287070346
Running,11/1/18 16:54,Baltimore Running,0.9,68,05:00.8,161,197,190,198,5:35,4:28,156,124,1.52,00:00.0,1,509,42195,12632,34.61537434249535
Running,10/28/18 16:29,Baltimore Running,11.33,564,1:21:47,124,141,174,184,7:13,1:12,535,628,1.28,00:00.0,12,453,42195,12632,93.06726270165208
Running,10/27/18 11:55,Haverford Running,2.16,180,0:15:15,143,157,174,192,7:03,5:08,48,48,1.3,00:00.0,3,212,42195,12632,94.25191611774139
Running,10/26/18 16:54,Baltimore Running,4.98,382,0:36:33,138,165,174,190,7:20,3:58,251,247,1.26,00:00.0,5,98,42195,12632,97.13129130186358
Running,10/25/18 16:35,Baltimore Running,8.88,603,0:59:38,142,168,174,198,6:43,4:19,422,415,1.37,00:00.0,9,395,42195,12632,57.12726681951872
Running,10/24/18 16:36,Baltimore Running,5.0,533,0:35:49,166,186,172,180,7:10,6:23,541,546,1.31,00:00.0,6,243,42195,12632,43.54278379249187
Running,10/23/18 17:40,Baltimore Running,2.48,218,0:18:19,142,167,172,188,7:22,6:09,260,256,1.27,00:00.0,3,361,42195,12632,56.94380688708712
Running,10/23/18 17:22,Baltimore Running,1.26,105,06:26.5,181,193,186,196,5:07,4:42,17,21,1.7,00:00.0,2,361,42195,12632,3.082985317469289
Running,10/23/18 17:10,Baltimore Running,1.27,103,06:26.7,177,196,186,196,5:06,4:32,25,25,1.7,00:00.0,2,202,42195,12632,14.452529610543497
Running,10/23/18 17:05,Baltimore Running,0.63,45,03:14.6,159,183,186,194,5:09,4:35,10,12,1.68,00:00.0,1,297,42195,12632,62.07733748672266
Running,10/23/18 17:01,Baltimore Running,0.63,42,03:07.6,153,172,192,200,4:59,4:37,9,10,1.68,00:00.0,1,118,42195,12632,48.07014260187157
Running,10/23/18 16:30,Baltimore Running,2.96,244,0:21:00,141,170,174,194,7:06,5:06,269,274,1.3,00:00.0,3,267,42195,12632,91.88683463193541
Running,10/21/18 9:14,Baltimore Running,13.01,"1,040",1:23:25,153,180,178,192,6:25,4:32,"1,134","1,170",1.41,00:00.0,14,451,42195,12632,55.618099484778895
Running,10/20/18 8:51,Baltimore Running,6.91,445,0:51:03,130,165,174,184,7:23,0:42,437,432,1.25,00:00.0,7,269,42195,12632,35.739239922005936
Running,10/19/18 10:24,Baltimore Running,2.2,206,0:17:06,142,161,172,194,7:47,5:58,273,245,1.21,00:00.0,3,491,42195,12632,72.69911980576255
Running,10/19/18 10:18,Baltimore Running,0.25,14,01:10.4,143,163,198,206,4:40,4:10,16,14,1.74,00:00.0,1,293,42195,12632,7.0297060885073375
Running,10/19/18 10:15,Baltimore Running,0.25,15,01:13.4,145,166,192,198,4:56,4:27,15,14,1.7,00:00.0,1,422,42195,12632,79.66898941447678
Running,10/19/18 10:13,Baltimore Running,0.26,16,01:13.4,146,158,192,198,4:48,4:01,16,14,1.75,00:00.0,1,654,42195,12632,67.88710648964481
Running,10/19/18 10:10,Baltimore Running,0.25,14,01:12.0,141,167,194,204,4:46,4:26,16,14,1.74,00:00.0,1,348,42195,12632,34.52841348433452
Running,10/19/18 10:08,Baltimore Running,0.25,14,01:14.4,141,177,188,196,4:56,4:33,16,14,1.73,00:00.0,1,72,42195,12632,64.20018232259726
Running,10/19/18 9:44,Baltimore Running,4.02,186,0:21:29,126,149,184,198,5:21,4:28,189,192,1.63,00:00.0,5,450,42195,12632,77.38323217555585
Running,10/19/18 9:16,Baltimore Running,2.43,160,0:17:03,127,146,178,194,7:01,5:13,245,262,1.29,00:00.0,3,420,42195,12632,76.04165273916446
Running,10/18/18 12:25,Baltimore Running,8.2,521,0:56:58,133,152,174,184,6:57,3:29,404,398,1.33,00:00.0,9,207,42195,12632,85.27636778363127
Running,10/17/18 15:04,Baltimore Running,7.01,458,0:51:43,133,147,172,180,7:22,6:15,574,581,1.26,00:00.0,8,574,42195,12632,60.537808110738325
Running,10/16/18 17:52,Baltimore Running,2.28,197,0:20:05,132,161,168,196,8:49,6:42,262,263,1.09,00:00.0,3,484,42195,12632,82.94122782786486
Running,10/16/18 17:45,Baltimore Running,0.59,39,02:57.1,151,168,194,208,5:01,4:21,44,34,1.65,00:00.0,1,13,42195,12632,21.912245703917144
Running,10/16/18 17:37,Baltimore Running,0.9,65,04:44.7,156,195,192,204,5:18,4:29,89,45,1.58,00:00.0,1,626,42195,12632,4.455656680719111
Running,10/16/18 17:29,Baltimore Running,0.9,59,04:41.9,147,189,188,200,5:14,4:12,89,44,1.64,00:00.0,1,684,42195,12632,77.30154308139791
Running,10/16/18 17:23,Baltimore Running,0.59,31,03:04.3,128,140,188,200,5:13,4:18,45,34,1.64,00:00.0,1,156,42195,12632,11.058016204720989
Running,10/16/18 17:15,Baltimore Running,0.89,47,04:43.1,129,158,188,200,5:16,4:06,90,45,1.62,00:00.0,1,501,42195,12632,73.23893670881112
Running,10/16/18 17:09,Baltimore Running,0.59,41,03:02.2,151,156,190,200,5:09,4:29,45,35,1.64,00:00.0,1,219,42195,12632,33.85213740496628
Running,10/16/18 17:04,Baltimore Running,0.59,37,03:03.7,141,166,190,200,5:10,3:36,43,35,1.64,00:00.0,1,140,42195,12632,30.570647330877698
Running,10/16/18 16:32,Baltimore Running,2.85,203,0:19:27,133,169,176,196,6:49,4:50,268,273,1.34,00:00.0,3,513,42195,12632,59.53058242661407
Running,10/15/18 16:33,Baltimore Running,10.22,681,1:09:25,139,161,174,186,6:48,5:06,"1,098","1,089",1.36,00:00.0,11,442,42195,12632,14.160641028432098
Running,10/14/18 16:50,Baltimore Running,13.02,981,1:24:03,150,182,174,196,6:27,4:04,937,931,1.42,00:00.0,14,427,42195,12632,93.8740367710226
Running,10/12/18 8:51,Baltimore Running,4.95,353,0:36:08,133,174,176,190,7:18,3:44,260,264,1.25,00:00.0,5,72,42195,12632,18.287956870322684
Running,10/11/18 16:35,Baltimore Running,10.98,831,1:14:06,147,171,176,198,6:45,4:24,626,633,1.35,00:00.0,11,537,42195,12632,85.0422537088545
Running,10/10/18 16:07,Baltimore Running,6.54,387,0:48:42,127,149,172,180,7:27,6:15,423,444,1.26,00:00.0,7,307,42195,12632,97.2045555545027
Running,10/9/18 17:23,Baltimore Running,2.44,217,0:21:54,133,149,168,188,9:00,7:19,157,57,1.06,00:00.0,3,480,42195,12632,55.69689501932592
Running,10/9/18 17:07,Baltimore Running,1.35,113,07:02.6,179,186,184,194,5:14,4:38,15,11,1.66,00:00.0,2,262,42195,12632,11.858808922361174
Running,10/9/18 16:59,Baltimore Running,1.35,109,06:54.7,178,187,188,202,5:06,4:27,17,13,1.68,00:00.0,2,604,42195,12632,96.32399642271467
Running,10/9/18 16:51,Baltimore Running,1.35,102,06:52.2,169,188,188,202,5:04,4:23,14,14,1.69,00:00.0,2,545,42195,12632,60.89709080125858
Running,10/9/18 16:28,Baltimore Running,2.42,160,0:16:23,130,174,178,196,6:47,4:57,48,138,1.33,00:00.0,3,570,42195,12632,35.500731855809576
Running,10/8/18 16:39,Baltimore Running,10.01,768,1:07:45,147,168,178,212,6:46,4:45,799,791,1.35,00:00.0,11,681,42195,12632,80.27853882122248
Running,10/7/18 9:15,Baltimore Running,15.0,"1,195",1:44:20,150,191,176,192,6:57,4:21,836,833,1.32,00:00.0,15,313,42195,12632,36.7296760618888
Running,10/6/18 10:57,Baltimore Running,7.0,480,0:50:25,135,159,176,188,7:12,6:08,479,415,1.27,00:00.0,7,515,42195,12632,10.940011175450515
Running,10/5/18 8:28,Baltimore Running,1.36,130,0:12:27,134,168,170,206,9:09,0:31,96,49,1.04,00:00.0,2,668,42195,12632,75.52485646698064
Running,10/5/18 8:19,Baltimore Running,1.02,50,04:42.9,132,139,196,208,4:36,4:08,36,43,1.78,00:00.0,2,344,42195,12632,86.9451809025597
Running,10/5/18 8:10,Baltimore Running,1.02,66,04:47.9,155,171,194,202,4:41,4:23,50,57,1.77,00:00.0,2,219,42195,12632,93.46125777356613
Running,10/5/18 8:01,Baltimore Running,1.02,75,04:55.0,174,193,192,208,4:50,4:38,48,50,1.73,00:00.0,2,403,42195,12632,51.79572421788955
Running,10/5/18 7:52,Baltimore Running,1.03,81,05:04.2,182,190,190,206,4:56,4:30,34,40,1.72,00:00.0,2,81,42195,12632,13.778951941974139
Running,10/5/18 7:43,Baltimore Running,1.02,78,05:09.9,171,181,190,196,5:03,4:47,34,41,1.68,00:00.0,2,507,42195,12632,70.66245095537045
Running,10/5/18 7:34,Baltimore Running,1.01,73,05:18.0,156,173,190,198,5:15,4:50,35,45,1.62,00:00.0,2,258,42195,12632,32.27804420932784
Running,10/5/18 7:03,Baltimore Running,1.99,140,0:14:02,129,156,176,194,7:03,4:35,85,117,1.3,00:00.0,2,439,42195,12632,17.63087070377807
Running,10/4/18 16:38,Baltimore Running,11.18,779,1:14:45,144,163,176,190,6:41,5:24,606,597,1.36,00:00.0,12,569,42195,12632,56.768516718735505
Running,10/3/18 9:25,Baltimore Running,7.05,463,0:53:42,129,150,174,182,7:37,0:30,520,510,1.22,00:00.0,8,215,42195,12632,80.86174246947883
Running,10/2/18 17:42,Baltimore Running,1.61,162,0:15:02,136,148,166,194,9:20,7:59,211,191,1.03,00:00.0,2,688,42195,12632,39.319747584682965
Running,10/2/18 17:31,Baltimore Running,0.97,77,04:54.0,178,192,190,200,5:02,3:49,81,165,1.69,00:00.0,1,124,42195,12632,44.52038763390037
Running,10/2/18 17:22,Baltimore Running,0.99,82,05:22.6,172,184,188,200,5:24,4:10,168,73,1.58,00:00.0,1,543,42195,12632,35.56608347983643
Running,10/2/18 17:16,Baltimore Running,0.37,27,01:49.0,172,189,194,200,4:51,4:14,14,19,1.71,00:00.0,1,603,42195,12632,20.897269969837684
Running,10/2/18 17:13,Baltimore Running,0.38,24,01:48.7,157,184,192,202,4:49,4:15,11,17,1.74,00:00.0,1,438,42195,12632,88.5689259902827
Running,10/2/18 17:10,Baltimore Running,0.38,23,01:47.3,150,168,194,204,4:46,4:24,8,12,1.74,00:00.0,1,132,42195,12632,91.1441794936917
Running,10/2/18 17:06,Baltimore Running,0.38,21,01:49.4,140,160,192,202,4:51,4:33,11,15,1.73,00:00.0,1,143,42195,12632,15.593392121623983
Running,10/2/18 17:03,Baltimore Running,0.38,22,01:51.4,144,179,194,198,4:50,4:22,13,17,1.72,00:00.0,1,306,42195,12632,33.20144514345945
Running,10/2/18 17:00,Baltimore Running,0.38,17,01:47.4,128,145,196,210,4:40,4:25,11,16,1.76,00:00.0,1,337,42195,12632,7.685984419180237
Running,10/2/18 16:31,Baltimore Running,2.52,181,0:17:25,134,165,176,192,6:55,4:53,272,292,1.32,00:00.0,3,598,42195,12632,40.500270916753486
Running,10/1/18 16:38,Baltimore Running,10.0,673,1:13:50,137,154,174,182,7:23,6:13,788,789,1.25,00:00.0,11,105,42195,12632,34.90104323961965
Running,9/29/18 10:15,Bethlehem Running,1.61,135,0:15:27,124,155,164,180,9:34,7:25,47,68,1.02,00:00.0,2,443,42195,12632,78.54763834230778
Running,9/29/18 8:45,Bethlehem Running,2.05,160,0:14:00,140,161,178,190,6:49,5:35,61,59,1.33,00:00.0,3,137,42195,12632,7.648472935671613
Running,9/28/18 11:06,Baltimore Running,5.63,435,0:40:35,141,158,174,180,7:13,4:42,417,414,1.29,00:00.0,6,429,42195,12632,73.72536400695832
Running,9/27/18 16:41,Baltimore Running,11.02,561,1:16:20,126,145,176,204,6:55,3:52,"1,046","1,039",1.32,00:00.0,12,428,42195,12632,33.913018373623906
Running,9/26/18 17:23,Baltimore Running,2.12,163,0:14:48,137,161,176,186,6:59,5:48,139,133,1.31,00:00.0,3,351,42195,12632,49.06580901779092
Running,9/26/18 9:52,Baltimore Running,5.13,371,0:39:15,132,151,172,180,7:39,5:31,548,539,1.22,00:00.0,6,615,42195,12632,43.76117120297548
Running,9/25/18 17:40,Baltimore Running,1.95,192,0:16:02,144,156,170,190,8:14,6:48,241,227,1.15,00:00.0,2,430,42195,12632,90.83941283067276
Running,9/25/18 17:27,Baltimore Running,0.95,84,05:18.3,181,195,180,200,5:34,4:45,40,39,1.61,00:00.0,1,465,42195,12632,58.403936515758204
Running,9/25/18 17:21,Baltimore Running,0.95,84,05:20.9,180,190,182,198,5:36,4:52,49,47,1.58,00:00.0,1,224,42195,12632,68.27009355597814
Running,9/25/18 17:15,Baltimore Running,0.96,85,05:16.2,182,201,182,202,5:30,4:41,40,39,1.61,00:00.0,1,450,42195,12632,77.23573675512658
Running,9/25/18 17:08,Baltimore Running,0.95,81,05:09.0,180,187,186,202,5:25,4:31,40,39,1.6,00:00.0,1,618,42195,12632,11.541796802446381
Running,9/25/18 17:02,Baltimore Running,0.96,72,05:04.4,166,183,188,208,5:16,3:58,42,41,1.63,00:00.0,1,236,42195,12632,62.05542188333065
Running,9/25/18 16:30,Baltimore Running,2.48,184,0:16:32,138,160,178,190,6:40,5:14,276,298,1.35,00:00.0,3,479,42195,12632,35.59089722114385
Running,9/24/18 16:40,Baltimore Running,10.05,725,1:03:48,149,183,180,192,6:21,4:06,651,662,1.42,00:00.0,11,240,42195,12632,0.25159886207223314
Running,9/23/18 9:12,Baltimore Running,17.25,818,1:53:00,131,158,178,194,6:33,4:46,"1,041","1,055",1.38,00:00.0,18,214,42195,12632,55.17861119999138
Running,9/22/18 9:42,West Pennsboro Running,2.37,221,0:17:03,152,181,174,190,7:11,5:13,138,148,1.29,00:00.0,3,240,42195,12632,86.20637061768419
Running,9/21/18 16:28,Baltimore Running,6.07,434,0:45:28,136,154,172,210,7:29,6:10,315,307,1.24,00:00.0,7,525,42195,12632,46.8159272770474
Running,9/20/18 16:37,Baltimore Running,8.99,570,1:06:41,133,163,172,210,7:25,4:12,563,559,1.25,00:00.0,9,472,42195,12632,72.42747776972428
Running,9/19/18 15:21,Baltimore Running,6.83,466,0:49:56,136,153,176,184,7:19,5:22,434,447,1.25,00:00.0,7,549,42195,12632,81.17262391947563
Running,9/18/18 17:54,Baltimore Running,1.16,114,0:10:23,137,149,170,176,8:59,7:33,74,37,1.05,00:00.0,2,565,42195,12632,66.29378902303236
Running,9/18/18 17:44,Baltimore Running,0.5,50,03:24.8,168,187,174,202,6:46,4:03,8,14,1.37,00:00.0,1,583,42195,12632,44.30108729136904
Running,9/18/18 17:36,Baltimore Running,1.02,81,05:20.2,178,189,182,192,5:13,4:55,32,36,1.69,00:00.0,2,438,42195,12632,89.11281597663135
Running,9/18/18 17:26,Baltimore Running,1.52,129,08:10.1,180,189,182,186,5:22,4:52,41,48,1.65,00:00.0,2,162,42195,12632,0.3826054543993207
Running,9/18/18 17:17,Baltimore Running,1.54,120,07:49.2,179,188,186,192,5:05,4:54,42,49,1.71,00:00.0,2,12,42195,12632,84.25960842378676
Running,9/18/18 17:06,Baltimore Running,1.8,137,09:34.3,165,182,184,212,5:20,4:00,54,61,1.64,00:00.0,2,122,42195,12632,56.240590850832426
Running,9/18/18 16:41,Baltimore Running,2.07,135,0:13:43,131,161,178,190,6:37,4:48,78,113,1.37,00:00.0,3,438,42195,12632,13.062837977590835
Running,9/17/18 16:31,Baltimore Running,10.05,758,1:02:55,151,172,178,192,6:16,4:53,823,813,1.44,00:00.0,11,281,42195,12632,40.572399518633816
Running,9/16/18 11:43,Philadelphia Running,17.0,"1,238",1:53:37,151,179,176,186,6:41,4:59,"1,198","1,198",1.37,00:00.0,18,655,42195,12632,39.43519471467184
Running,9/15/18 17:01,Philadelphia Running,10.09,626,1:12:58,133,154,172,180,7:14,4:54,335,334,1.29,00:00.0,11,600,42195,12632,44.52348729340058
Running,9/14/18 8:21,Baltimore Running,1.75,140,0:15:08,129,146,172,182,8:38,6:11,143,53,1.09,00:00.0,2,124,42195,12632,87.63411873558647
Running,9/14/18 7:40,Baltimore Running,5.42,398,0:29:36,165,190,184,192,5:28,4:48,48,52,1.61,00:00.0,6,621,42195,12632,48.17105843447471
Running,9/14/18 7:05,Baltimore Running,2.39,156,0:17:04,129,160,174,188,7:08,4:49,57,146,1.3,00:00.0,3,364,42195,12632,65.13048989516523
Running,9/13/18 16:40,Baltimore Running,9.26,564,1:08:22,133,155,174,182,7:23,5:57,549,542,1.26,00:00.0,10,224,42195,12632,2.2797215531548454
Running,9/12/18 9:18,Baltimore Running,10.01,749,1:07:53,148,172,176,188,6:47,5:26,859,851,1.35,00:00.0,11,511,42195,12632,20.164638820621494
Running,9/10/18 16:39,Baltimore Running,11.0,721,1:08:35,146,169,178,198,6:14,4:20,453,447,1.45,00:00.0,12,425,42195,12632,43.89256262932151
Running,9/9/18 10:17,Baltimore Running,17.71,"1,458",1:56:07,150,177,178,192,6:33,4:10,"1,067","1,073",1.39,00:00.0,18,614,42195,12632,99.78020409530801
Running,9/6/18 16:46,Baltimore Running,10.04,946,1:12:10,150,180,176,216,7:11,4:23,810,808,1.27,00:00.0,11,640,42195,12632,29.552002853468885
Running,9/5/18 17:29,Baltimore Running,11.19,964,1:19:03,145,178,176,186,7:04,5:50,591,582,1.3,00:00.0,12,112,42195,12632,61.694455145275825
Running,9/4/18 17:36,Baltimore Running,3.27,290,0:23:53,139,158,174,182,7:18,5:56,336,343,1.26,00:00.0,4,549,42195,12632,71.0607519692762
Running,9/4/18 8:18,Baltimore Running,0.56,63,05:30.8,131,166,166,180,9:48,6:58,64,120,0.99,00:00.0,1,218,42195,12632,2.668835746625098
Running,9/4/18 8:06,Baltimore Running,0.48,43,02:43.1,173,189,184,196,5:42,4:47,29,26,1.54,00:00.0,1,433,42195,12632,39.2513819717481
Running,9/4/18 8:01,Baltimore Running,0.47,43,02:44.0,170,184,184,192,5:46,4:48,14,14,1.52,00:00.0,1,272,42195,12632,94.19688852920221
Running,9/4/18 7:35,Baltimore Running,3.26,304,0:18:38,175,192,184,208,5:43,4:12,438,436,1.53,00:00.0,4,418,42195,12632,65.72673492284932
Running,9/4/18 7:04,Baltimore Running,2.41,183,0:17:11,130,184,178,192,7:07,4:54,219,268,1.27,00:00.0,3,45,42195,12632,48.299724414049386
Running,9/3/18 18:35,Baltimore Running,2.99,282,0:24:57,131,172,172,178,8:20,6:26,191,190,1.12,00:00.0,3,363,42195,12632,35.66962781821621
Running,9/3/18 17:10,Baltimore Running,7.01,557,0:48:42,145,187,178,192,6:57,5:21,392,385,1.31,00:00.0,8,506,42195,12632,58.80873152262887
Running,9/2/18 10:13,Baltimore Running,17.06,"1,619",1:56:08,157,184,176,192,6:48,4:43,"1,036","1,030",1.34,00:00.0,18,609,42195,12632,16.83971983135728
Running,9/1/18 12:03,Baltimore Running,0.97,87,08:01.6,126,144,170,178,8:19,5:51,19,19,1.14,00:00.0,1,342,42195,12632,37.04337506952139
Running,9/1/18 10:39,Baltimore Running,9.31,715,1:09:22,133,164,172,194,7:27,5:07,833,830,1.25,00:00.0,10,302,42195,12632,56.60051708254641
Running,8/30/18 16:46,Baltimore Running,10.11,797,1:16:20,134,151,174,186,7:33,5:40,530,520,1.22,00:00.0,11,304,42195,12632,71.92953660125957
Running,8/30/18 9:56,Baltimore Running,4.03,362,0:30:37,136,176,174,180,7:36,5:43,495,486,1.22,00:00.0,5,170,42195,12632,7.997675696332651
Running,8/29/18 9:39,Baltimore County Running,10.17,868,1:05:12,153,186,178,194,6:25,4:37,781,794,1.41,00:00.0,11,307,42195,12632,77.28924192003619
Running,8/28/18 16:02,Baltimore Running,4.01,358,0:31:53,132,151,174,182,7:58,6:46,470,466,1.17,00:00.0,5,165,42195,12632,52.14196913079775
Running,8/28/18 8:17,Baltimore Running,2.69,284,0:24:40,133,147,168,194,9:10,4:05,161,113,1.04,00:00.0,3,628,42195,12632,10.920448696156871
Running,8/28/18 8:00,Baltimore Running,2.07,166,09:39.3,179,193,194,212,4:39,4:17,57,64,1.79,00:00.0,3,686,42195,12632,73.14519242155761
Running,8/28/18 7:22,Baltimore Running,1.99,162,0:14:05,132,163,180,192,7:05,4:54,88,128,1.26,00:00.0,2,11,42195,12632,22.302667684413258
Running,8/27/18 17:02,Baltimore Running,10.03,944,1:10:40,148,169,176,186,7:03,5:10,537,530,1.3,00:00.0,11,386,42195,12632,75.6456174618913
Running,8/26/18 9:26,Howard County Running,17.09,"1,492",1:54:54,149,182,176,194,6:43,4:56,685,690,1.36,00:00.0,18,353,42195,12632,87.18175503424207
Running,8/25/18 16:22,Baltimore Running,2.61,217,0:19:56,129,143,174,182,7:38,6:53,151,165,1.21,00:00.0,3,307,42195,12632,92.59202982906356
Running,8/25/18 16:07,Baltimore Running,0.43,43,03:37.8,132,154,174,180,8:22,4:12,3,43,1.11,00:00.0,1,461,42195,12632,27.982727889482696
Running,8/25/18 10:46,Baltimore Running,10.97,883,1:17:47,139,170,176,204,7:06,4:04,819,834,1.29,00:00.0,11,473,42195,12632,69.27765139799294
Running,8/24/18 9:58,Baltimore Running,1.85,197,0:15:41,138,148,172,180,8:28,7:32,155,62,1.1,00:00.0,2,32,42195,12632,31.21244953956941
Running,8/24/18 9:18,Baltimore Running,5.46,471,0:28:36,174,186,184,196,5:15,4:45,65,68,1.67,00:00.0,6,151,42195,12632,85.55277228039864
Running,8/23/18 11:04,Wicomico County Running,10.01,771,1:07:50,137,178,176,192,6:47,5:47,32,34,1.35,00:00.0,11,170,42195,12632,42.43884785771817
Running,8/22/18 16:32,Baltimore Running,11.0,865,1:16:52,139,174,176,202,6:59,3:57,927,922,1.31,00:00.0,12,460,42195,12632,61.26730210734708
Running,8/21/18 16:42,Baltimore Running,3.98,329,0:27:47,137,156,178,190,6:59,6:07,202,195,1.3,00:00.0,4,8,42195,12632,71.22448606394642
Running,8/21/18 11:06,Baltimore Running,1.88,190,0:17:12,130,157,168,176,9:09,7:20,202,208,1.04,00:00.0,2,270,42195,12632,27.789964514053935
Running,8/21/18 10:36,Baltimore Running,2.3,217,0:13:13,176,186,182,194,5:44,4:31,172,172,1.54,00:00.0,3,309,42195,12632,69.88329695828793
Running,8/21/18 10:20,Baltimore Running,2.31,204,0:12:50,172,187,184,198,5:34,4:47,172,172,1.58,00:00.0,3,637,42195,12632,56.896529326920046
Running,8/21/18 9:49,Baltimore Running,2.8,233,0:19:31,137,168,178,194,6:59,1:02,262,266,1.29,00:00.0,3,237,42195,12632,19.073954857148156
Running,8/20/18 9:50,Baltimore Running,10.99,888,1:08:39,154,173,180,194,6:15,4:39,541,542,1.42,00:00.0,11,312,42195,12632,22.401605766970324
Running,8/19/18 9:18,Baltimore Running,16.66,"1,324",1:58:59,145,167,176,190,7:08,5:52,"1,000",991,1.28,00:00.0,17,252,42195,12632,64.4674921545312
Running,8/18/18 16:18,Baltimore Running,5.05,442,0:35:32,144,164,176,184,7:02,5:41,259,249,1.3,00:00.0,6,382,42195,12632,82.45725632313015
Running,8/18/18 10:37,Baltimore Running,1.32,158,0:12:04,146,158,168,174,9:09,5:31,196,161,1.05,00:00.0,2,414,42195,12632,35.67671001612206
Running,8/18/18 9:53,Baltimore Running,5.95,585,0:35:01,177,192,180,196,5:53,4:57,297,257,1.52,00:00.0,6,162,42195,12632,80.0017369332929
Running,8/18/18 9:31,Baltimore Running,2.07,180,0:14:51,137,170,178,198,7:11,5:20,214,250,1.26,00:00.0,3,332,42195,12632,85.24497035410742
Running,8/17/18 11:29,Baltimore Running,2.2,228,0:16:55,148,161,172,182,7:40,6:34,172,179,1.21,00:00.0,3,99,42195,12632,92.98788673849559
Running,8/17/18 10:21,Baltimore Running,7.71,739,0:55:44,148,167,176,190,7:14,5:59,592,586,1.26,00:00.0,8,316,42195,12632,27.714061177126904
Running,8/16/18 17:00,Baltimore Running,10.01,927,1:08:57,150,168,176,190,6:54,5:35,869,858,1.32,00:00.0,11,92,42195,12632,26.957969829020623
Running,8/15/18 16:50,Baltimore Running,11.2,"1,024",1:18:37,149,173,176,190,7:01,5:54,984,974,1.3,00:00.0,12,477,42195,12632,47.24156459209515
Running,8/14/18 18:11,Baltimore Running,11.06,961,1:08:37,158,180,180,196,6:12,4:57,580,574,1.45,00:00.0,12,13,42195,12632,33.50898403892207
Running,8/13/18 16:17,Cherry Hill Running,17.0,"1,654",2:00:00,154,194,174,186,7:04,4:58,470,476,1.31,00:00.0,17,456,42195,12632,46.92232083994581
Running,8/12/18 16:32,Cherry Hill Running,3.0,286,0:22:00,140,157,174,182,7:20,6:30,104,104,1.26,00:00.0,3,138,42195,12632,12.079731139651217
Running,8/12/18 8:06,Cherry Hill Running,9.5,802,1:05:49,141,163,176,186,6:56,5:24,340,340,1.32,00:00.0,10,385,42195,12632,6.0686026960196315
Running,8/11/18 12:40,Cherry Hill Running,11.0,905,1:18:34,138,174,174,182,7:08,6:10,317,320,1.29,00:00.0,12,82,42195,12632,19.12222027098767
Running,8/10/18 19:02,Cherry Hill Running,8.4,679,1:01:33,134,154,174,180,7:20,5:53,261,264,1.27,00:00.0,9,561,42195,12632,8.45059651428125
Running,8/10/18 11:36,Cherry Hill Running,5.16,493,0:38:39,141,165,174,182,7:30,6:39,203,207,1.23,00:00.0,6,106,42195,12632,84.34329892745134
Running,8/9/18 19:21,Cherry Hill Running,11.01,943,1:19:03,141,169,174,182,7:11,6:01,494,490,1.29,00:00.0,12,36,42195,12632,73.91225882702007
Running,8/8/18 8:42,Exeter Running,3.56,343,0:36:49,123,154,164,180,10:21,6:40,376,373,0.95,00:00.0,4,686,42195,12632,33.72307790361218
Running,8/7/18 17:40,Rye Running,11.07,978,1:21:07,142,173,174,182,7:19,6:10,128,128,1.27,00:00.0,12,515,42195,12632,96.26917636029265
Running,8/6/18 18:50,New Castle Running,12.08,"1,011",1:26:07,140,160,174,182,7:08,5:25,394,392,1.3,00:00.0,13,240,42195,12632,31.455479088071293
Running,8/5/18 19:39,Cherry Hill Running,10.01,890,1:07:34,149,171,174,180,6:45,5:34,314,311,1.37,00:00.0,11,664,42195,12632,57.034292800940335
Running,8/4/18 8:49,Boulder County Running,8.01,771,0:56:47,152,176,174,182,7:05,5:09,964,955,1.31,00:00.0,9,31,42195,12632,66.59235742188882
Running,8/3/18 17:06,Denver Running,10.03,903,1:08:06,149,166,174,182,6:48,4:10,194,191,1.35,00:00.0,11,89,42195,12632,53.2963211568161
Running,8/2/18 16:13,Denver Running,8.0,733,0:53:19,153,192,178,196,6:40,1:29,105,105,1.35,00:00.0,8,44,42195,12632,15.610049374763435
Running,8/2/18 10:19,Denver Running,4.0,347,0:28:36,136,155,176,182,7:09,0:47,67,67,1.28,00:00.0,5,231,42195,12632,12.836947980724723
Running,8/1/18 18:34,Denver Running,2.92,246,0:20:38,135,148,174,180,7:03,0:42,42,43,1.31,00:00.0,3,320,42195,12632,91.64613656427495
Running,8/1/18 10:11,Denver Running,10.21,906,1:09:53,148,160,174,182,6:51,1:27,167,167,1.35,00:00.0,11,549,42195,12632,72.17136454377922
Running,7/31/18 10:39,Jefferson County Running,10.29,956,1:18:17,146,171,172,182,7:36,5:43,"1,203","1,521",1.22,00:00.0,11,12,42195,12632,70.77939248723446
Running,7/30/18 19:38,Denver Running,9.3,788,1:04:58,142,160,174,180,6:59,2:44,237,237,1.33,00:00.0,10,647,42195,12632,5.576478107581762
Running,7/29/18 16:05,Baltimore Running,3.9,335,0:28:46,135,154,176,184,7:23,5:44,303,83,1.25,00:00.0,4,20,42195,12632,18.621860187104144
Running,7/28/18 15:27,Baltimore Running,4.0,336,0:29:56,132,146,176,188,7:29,6:18,244,241,1.22,00:00.0,4,574,42195,12632,69.18767183013263
Running,7/28/18 9:06,Baltimore Running,9.45,872,1:11:42,142,166,174,184,7:35,5:05,864,872,1.22,00:00.0,10,111,42195,12632,87.64893367358056
Running,7/27/18 19:06,Baltimore Running,9.27,717,1:07:08,135,154,174,184,7:15,5:43,727,733,1.28,00:00.0,10,8,42195,12632,3.596216889206494
Running,7/26/18 18:41,Baltimore Running,12.0,"1,021",1:24:42,144,166,176,184,7:04,5:57,622,619,1.3,00:00.0,12,678,42195,12632,63.498559475240654
Running,7/25/18 19:42,Baltimore Running,2.73,255,0:20:51,140,159,174,182,7:38,6:02,284,198,1.22,00:00.0,3,579,42195,12632,43.21953784235626
Running,7/25/18 19:09,Baltimore Running,5.0,472,0:28:56,172,187,180,192,5:47,4:46,447,479,1.53,00:00.0,5,560,42195,12632,5.7279652596245345
Running,7/25/18 18:50,Baltimore Running,2.22,191,0:15:41,135,153,176,186,7:04,6:14,220,240,1.28,00:00.0,3,48,42195,12632,0.7615502134984631
Running,7/24/18 18:23,Baltimore Running,10.07,861,1:12:16,141,156,174,184,7:10,3:58,657,652,1.28,00:00.0,11,360,42195,12632,93.53447681144584
Running,7/23/18 19:47,Baltimore Running,1.72,167,0:12:58,138,148,168,176,7:33,6:52,29,27,1.27,00:00.0,2,315,42195,12632,0.22948583624186059
Running,7/23/18 18:29,Baltimore Running,9.31,857,0:57:13,160,188,178,188,6:09,5:03,426,426,1.48,00:00.0,10,224,42195,12632,38.3793080707058
Running,7/22/18 9:24,Ocean City Running,16.0,"1,395",1:55:37,143,174,176,184,7:14,5:46,145,145,1.28,00:00.0,16,7,42195,12632,13.850666193323447
Running,7/21/18 18:27,Ocean City Running,3.04,231,0:21:11,129,150,176,184,6:58,4:38,12,12,1.31,00:00.0,4,409,42195,12632,15.802695537731381
Running,7/21/18 8:46,Cherry Hill Running,10.0,837,1:11:26,140,156,176,192,7:09,5:15,221,224,1.28,00:00.0,10,42,42195,12632,65.98513311649299
Running,7/20/18 17:59,Baltimore Running,8.0,688,0:56:41,141,156,174,182,7:05,3:39,433,437,1.31,00:00.0,8,373,42195,12632,83.68835376225658
Running,7/19/18 18:42,Baltimore Running,10.01,814,1:15:24,136,160,172,182,7:32,4:49,884,850,1.24,00:00.0,11,519,42195,12632,42.03024572266919
Running,7/18/18 19:16,Baltimore Running,4.49,439,0:34:28,144,156,174,180,7:40,6:18,193,104,1.21,00:00.0,5,640,42195,12632,96.15049187376992
Running,7/18/18 19:04,Baltimore Running,2.01,150,0:10:31,155,168,182,194,5:14,4:49,16,14,1.69,00:00.0,3,453,42195,12632,7.599358564528835
Running,7/18/18 18:57,Baltimore Running,1.01,63,05:15.2,134,143,186,194,5:13,4:55,10,5,1.66,00:00.0,2,34,42195,12632,15.055729880437529
Running,7/18/18 18:27,Baltimore Running,2.51,210,0:18:02,132,144,174,192,7:11,2:53,110,157,1.29,00:00.0,3,541,42195,12632,4.102106738790312
Running,7/17/18 16:47,Baltimore Running,4.09,359,0:28:23,142,160,172,180,6:57,5:41,246,257,1.34,00:00.0,5,543,42195,12632,45.076724070088815
Running,7/17/18 7:46,Baltimore Running,10.0,923,1:16:12,141,172,174,184,7:37,6:17,693,688,1.22,00:00.0,10,126,42195,12632,56.613280227822656
Running,7/12/18 19:33,Baltimore Running,7.97,674,0:59:25,137,156,174,182,7:27,6:33,610,568,1.24,00:00.0,8,502,42195,12632,96.32930586144958
Running,7/12/18 19:01,Baltimore Running,2.16,179,0:15:24,134,152,174,182,7:08,3:05,96,96,1.3,00:00.0,3,90,42195,12632,79.29726629798056
Running,7/11/18 20:19,Baltimore Running,2.08,186,0:15:53,135,148,172,180,7:39,6:23,119,126,1.23,00:00.0,3,356,42195,12632,94.58750277533493
Running,7/11/18 18:52,Baltimore Running,7.43,623,0:56:32,138,162,176,184,7:36,6:24,772,818,1.21,00:00.0,8,454,42195,12632,55.40267235829639
Running,7/10/18 19:08,Baltimore Running,5.17,496,0:41:09,142,172,172,180,7:58,5:48,405,322,1.17,00:00.0,6,139,42195,12632,25.991897889391456
Running,7/10/18 18:56,Baltimore Running,2.01,170,0:10:42,171,185,182,190,5:20,5:04,14,11,1.66,00:00.0,3,411,42195,12632,19.612564681023493
Running,7/10/18 18:26,Baltimore Running,2.51,195,0:16:42,133,164,176,192,6:39,3:41,107,154,1.37,00:00.0,3,15,42195,12632,50.12379638704617
Running,7/9/18 18:44,Baltimore Running,11.0,964,1:19:06,142,162,174,182,7:11,4:27,926,929,1.29,00:00.0,12,368,42195,12632,2.3446031391498257
Running,7/8/18 11:12,Baltimore County Running,14.98,"1,310",1:40:56,151,175,174,182,6:44,5:22,"1,088","1,077",1.38,00:00.0,15,75,42195,12632,36.750935529133
Running,7/7/18 11:53,Howard County Running,8.48,938,1:12:50,150,185,170,228,8:36,3:37,"1,262","1,255",1.1,00:00.0,9,600,42195,12632,24.514642474595462
Running,7/6/18 18:08,Baltimore Running,6.18,527,0:46:01,137,156,172,184,7:27,5:28,315,318,1.25,00:00.0,7,682,42195,12632,37.74117647338407
Running,7/6/18 17:39,Baltimore Running,1.97,156,0:14:37,127,148,174,180,7:24,6:10,140,147,1.25,00:00.0,2,605,42195,12632,14.594476006426982
Running,7/5/18 17:45,Baltimore Running,7.55,614,0:57:40,133,156,176,184,7:38,4:38,376,365,1.2,00:00.0,8,332,42195,12632,13.246401074600067
Running,7/3/18 21:14,Baltimore Running,5.23,506,0:38:43,145,158,174,180,7:24,6:06,399,385,1.25,00:00.0,6,644,42195,12632,91.38300428561273
Running,7/3/18 21:05,Baltimore Running,1.0,78,05:22.2,160,175,184,190,5:23,4:55,22,34,1.63,00:00.0,1,330,42195,12632,90.06626932142969
Running,7/3/18 20:57,Baltimore Running,1.01,78,05:23.4,162,186,184,208,5:21,4:42,37,26,1.63,00:00.0,2,75,42195,12632,54.77137026797967
Running,7/3/18 20:26,Baltimore Running,2.75,249,0:21:24,134,164,172,190,7:48,5:07,296,280,1.2,00:00.0,3,569,42195,12632,97.81252605280417
Running,7/2/18 18:23,Baltimore Running,8.99,886,1:04:41,152,167,174,184,7:12,5:00,507,514,1.28,00:00.0,9,262,42195,12632,93.79895979600687
Running,7/1/18 19:13,Baltimore Running,13.11,"1,135",1:34:27,146,166,172,180,7:12,5:45,804,766,1.3,00:00.0,14,285,42195,12632,68.95539908856851
Running,6/30/18 18:04,Baltimore Running,9.0,846,1:04:06,151,186,172,194,7:07,4:08,540,540,1.31,00:00.0,10,77,42195,12632,49.78397218223955
Running,6/29/18 18:26,Baltimore Running,9.14,844,1:03:23,150,173,174,182,6:56,5:20,573,570,1.34,00:00.0,10,86,42195,12632,75.90775456940115
Running,6/28/18 18:42,Baltimore Running,9.99,913,1:14:59,142,164,170,230,7:30,4:02,462,457,1.26,00:00.0,10,382,42195,12632,14.93422418463789
Running,6/27/18 17:26,Baltimore Running,8.94,724,1:04:35,138,162,174,186,7:14,5:16,819,820,1.29,00:00.0,9,492,42195,12632,54.53206823115872
Running,6/27/18 9:33,Baltimore Running,3.01,256,0:23:07,131,145,174,180,7:41,6:50,186,191,1.21,00:00.0,4,524,42195,12632,64.34780916099241
Running,6/26/18 18:56,Baltimore Running,9.0,789,1:06:20,140,159,172,180,7:22,4:38,671,671,1.27,00:00.0,9,173,42195,12632,93.11642687231169
Running,6/25/18 18:27,Baltimore Running,10.02,899,1:09:24,148,168,174,182,6:56,2:28,719,712,1.34,00:00.0,11,374,42195,12632,82.53958834496194
Running,6/24/18 16:49,Baltimore Running,12.01,"1,112",1:25:12,151,180,172,182,7:06,2:46,821,835,1.32,00:00.0,13,75,42195,12632,73.16546290500679
Running,6/23/18 16:47,Cherry Hill Running,2.0,167,0:15:30,128,144,172,180,7:45,6:01,91,96,1.2,00:00.0,3,624,42195,12632,7.945214101398035
Running,6/22/18 21:33,Cherry Hill Running,8.0,649,0:54:36,142,163,170,182,6:49,5:43,312,305,1.39,00:00.0,9,433,42195,12632,11.33486040042484
Running,6/21/18 17:04,Baltimore Running,9.0,840,1:03:08,155,172,172,180,7:01,5:33,575,577,1.33,00:00.0,10,104,42195,12632,89.34818037445892
Running,6/19/18 18:56,Baltimore Running,9.0,794,1:05:39,145,179,172,182,7:18,6:05,721,720,1.28,00:00.0,9,65,42195,12632,52.89324870774471
Running,6/18/18 18:31,Baltimore Running,8.04,719,1:02:55,140,160,170,180,7:50,4:57,424,423,1.2,00:00.0,9,430,42195,12632,62.476309808376605
Running,6/17/18 8:17,Philadelphia Running,10.92,"1,006",1:14:10,157,169,176,182,6:47,5:04,276,281,1.35,00:00.0,11,585,42195,12632,23.525658121404426
Running,6/16/18 19:21,Philadelphia Running,7.96,711,0:54:10,151,168,172,178,6:48,3:02,198,202,1.37,00:00.0,8,528,42195,12632,65.19466616202317
Running,6/15/18 18:38,Baltimore Running,7.95,672,0:57:26,142,160,172,180,7:13,5:54,325,328,1.29,00:00.0,8,276,42195,12632,90.27781413585393
Running,6/14/18 19:01,Baltimore Running,8.0,718,0:58:17,147,170,170,182,7:17,5:50,398,396,1.29,00:00.0,8,192,42195,12632,7.076114457755301
Running,6/13/18 18:16,Baltimore Running,8.49,869,1:00:38,163,183,172,182,7:09,4:47,872,827,1.31,00:00.0,9,248,42195,12632,51.47147892722806
Running,6/12/18 18:44,Baltimore Running,7.96,613,0:51:56,149,170,176,186,6:31,5:34,440,447,1.4,00:00.0,8,602,42195,12632,44.75931686566166
Running,6/11/18 18:28,Baltimore Running,6.46,548,0:44:33,148,171,172,182,6:54,5:52,449,444,1.36,00:00.0,7,199,42195,12632,29.89790803895055
Running,6/9/18 15:50,Baltimore Running,6.99,648,0:47:56,159,186,174,182,6:51,5:41,419,421,1.34,00:00.0,7,570,42195,12632,82.51735257588388
Running,6/8/18 18:15,Baltimore Running,7.0,673,0:49:18,159,177,172,182,7:03,5:54,701,710,1.33,00:00.0,8,406,42195,12632,99.45558111716429
Running,6/7/18 18:16,Baltimore Running,6.0,553,0:46:07,143,163,168,178,7:41,6:40,492,495,1.24,00:00.0,7,416,42195,12632,87.25515864124878
Running,6/5/18 18:36,Baltimore Running,5.2,439,0:36:47,146,163,170,180,7:05,5:39,302,297,1.33,00:00.0,6,521,42195,12632,71.61559321669779
Running,6/4/18 18:41,Baltimore Running,6.03,523,0:42:19,150,168,170,182,7:01,6:02,555,545,1.35,00:00.0,7,597,42195,12632,9.066979835668787
Running,6/3/18 18:09,Baltimore Running,7.96,808,0:55:33,170,184,170,182,6:59,4:34,669,679,1.35,00:00.0,8,195,42195,12632,98.18183156357608
Running,6/1/18 18:37,Baltimore Running,6.03,575,0:42:24,159,175,170,180,7:02,5:39,382,387,1.35,00:00.0,7,548,42195,12632,30.437636979670437
Running,5/31/18 18:37,Baltimore Running,5.98,566,0:45:17,149,175,168,246,7:34,6:05,322,322,1.27,00:00.0,6,201,42195,12632,25.755657413524325
Running,5/30/18 18:30,Baltimore Running,4.15,383,0:30:28,147,164,168,176,7:20,5:54,180,177,1.3,00:00.0,5,8,42195,12632,62.20804699943231
Running,5/29/18 18:53,Baltimore Running,4.02,314,0:29:32,150,173,170,178,7:21,6:16,197,204,1.29,00:00.0,5,216,42195,12632,98.08203248447374
