fatigue,goal_distance,goal_time,remaining_days,distance,pace,hr
96.78986437635471,21097,10546,12,5.03,6.17,160
64.65246963283778,21097,10546,1,5.02,6.43,156
34.44397650034905,21097,10546,2,8.01,6.21,165
21.80792181276685,21097,10546,8,3.47,7.27,140
66.03169100817978,21097,10546,11,5.03,6.09,154
62.346854729792256,21097,10546,3,10.01,6.24,163
73.1998749586379,21097,10546,7,4.53,6.37,150
93.68772860780356,21097,10546,7,4.36,6.51,151
38.598725004958126,21097,10546,10,11.29,6.03,169
28.368570576681307,21097,10546,15,7.35,6.19,155
27.27658202517006,21097,10546,10,6.4,6.26,154
23.1094010217061,21097,10546,15,3.37,7.52,130
70.05321442937439,21097,10546,13,16.06,6.0,164
61.951369387869406,21097,10546,8,10.68,5.43,167
43.55440785729881,21097,10546,5,6.45,5.26,165
40.38861821329033,21097,10546,12,3.88,7.44,130
99.81489980509492,21097,10546,3,16.12,5.44,164
29.380280012831804,21097,10546,15,7.14,5.59,158
4.438514599499809,21097,10546,3,8.83,5.27,172
22.92677288874077,42195,12632,85,6.0,7:19,141
57.317704993359,42195,12632,478,6.5,7:14,144
37.53280104948684,42195,12632,554,5.01,8:05,128
31.32391340184633,42195,12632,159,7.01,7:33,142
95.98240441458157,42195,12632,573,5.19,8:01,129
78.92340893358764,42195,12632,176,6.51,7:02,140
24.59814475101256,42195,12632,445,5.01,7:02,146
5.1420609098909225,42195,12632,237,5.0,7:06,147
5.878805129754472,42195,12632,347,6.0,7:05,146
59.24142491312181,42195,12632,79,3.11,8:04,125
93.74906919317476,42195,12632,623,5.52,8:07,125
49.974612500773866,42195,12632,2,5.0,7:02,149
62.381111902986106,42195,12632,664,4.01,8:03,129
6.742239366798208,42195,12632,250,5.56,7:09,146
37.4917833748976,42195,12632,357,7.0,7:32,147
60.74203209565684,42195,12632,125,5.31,8:18,133
67.18117883473506,42195,12632,67,6.38,7:42,141
52.1740630135178,42195,12632,284,5.0,7:49,136
59.17713460081957,42195,12632,274,7.0,7:09,147
46.80479877960357,42195,12632,84,6.0,7:51,139
19.649463440660185,42195,12632,475,5.14,7:21,150
70.43008192591259,42195,12632,275,6.0,6:54,145
25.295763709415866,42195,12632,50,4.02,8:29,127
73.96131847118623,42195,12632,91,5.0,7:57,136
35.77068413378067,42195,12632,310,7.01,7:09,146
82.35748925082343,42195,12632,330,6.0,7:05,151
99.35656900345856,42195,12632,178,4.12,8:10,120
59.79714855722731,42195,12632,682,7.75,8:03,130
96.79422888781023,42195,12632,291,5.0,7:57,135
89.01801934072766,42195,12632,397,7.0,7:16,143
90.22127263917235,42195,12632,254,5.0,8:07,134
59.69861038679901,42195,12632,218,4.16,7:43,139
57.229689092882616,42195,12632,68,8.46,7:15,147
35.3267823924492,42195,12632,566,5.13,7:29,141
5.039298528062297,42195,12632,462,5.0,7:39,145
62.03555460956949,42195,12632,559,4.77,8:09,128
41.38741985841683,42195,12632,500,5.0,7:57,142
81.39053148185408,42195,12632,208,6.0,7:24,140
15.490171578706269,42195,12632,162,6.0,7:01,148
86.65522262896084,42195,12632,231,4.0,7:16,140
36.033105508119846,42195,12632,280,6.0,8:01,138
66.42761972655083,42195,12632,37,6.0,8:00,126
95.94805619199737,42195,12632,274,5.0,7:17,155
30.900696713816743,42195,12632,364,6.0,7:04,158
50.008375038707975,42195,12632,454,6.0,7:13,149
55.8918859136446,42195,12632,425,3.91,7:27,142
20.3067622652244,42195,12632,467,3.57,7:10,132
20.328316469338105,42195,12632,50,5.3,7:42,140
47.709952326582616,42195,12632,35,6.0,7:35,149
29.530450457216283,42195,12632,652,6.0,7:20,143
59.019318878850335,42195,12632,386,3.0,7:58,135
79.80882408881344,42195,12632,150,6.22,7:22,147
98.6099707793894,42195,12632,530,2.59,8:05,142
65.01707100818105,42195,12632,10,6.15,7:44,146
1.0677005174496212,42195,12632,398,5.01,7:32,146
5.507828482437638,42195,12632,373,6.08,7:32,155
77.36443671562503,42195,12632,584,4.0,7:35,148
77.5196083538015,42195,12632,326,3.1,7:55,145
22.69868256803592,42195,12632,3,5.5,7:04,153
93.38484810940125,42195,12632,91,5.0,7:21,146
25.35413183771028,42195,12632,444,5.01,7:35,152
9.458880012112802,42195,12632,203,5.35,7:21,151
29.224072612596743,42195,12632,438,5.43,7:29,146
76.25000645510195,42195,12632,669,5.0,7:32,147
9.150073206385343,42195,12632,681,5.01,7:18,136
51.814615886341976,42195,12632,304,7.0,7:33,154
41.845489366524205,42195,12632,59,4.0,7:36,139
82.99449677781266,42195,12632,308,4.12,7:37,142
67.65512451387295,42195,12632,457,6.0,7:27,151
64.72908739084268,42195,12632,440,3.19,7:42,143
23.999358722409447,42195,12632,397,3.02,7:23,145
41.80043931574649,42195,12632,628,4.33,7:06,141
85.87014350131318,42195,12632,351,3.04,7:33,144
94.11111921487804,42195,12632,625,5.09,7:14,155
32.912509353472494,42195,12632,280,6.01,7:45,152
69.48615667266557,42195,12632,246,3.01,7:44,143
93.30164892621838,42195,12632,448,3.3,7:41,144
34.61010280879937,42195,12632,47,4.0,7:54,151
58.59296103558053,42195,12632,636,4.42,7:40,151
37.62576350830421,42195,12632,376,5.42,7:56,148
36.917212167858914,42195,12632,579,3.7,7:37,137
27.939455386021816,42195,12632,422,4.28,7:40,148
20.297092523202963,42195,12632,469,4.8,8:09,152
9.014276998549542,42195,12632,617,4.0,7:21,157
92.82625652913052,42195,12632,348,3.02,7:24,156
68.59909704017312,42195,12632,308,4.63,7:51,156
40.728969936320205,42195,12632,435,2.02,7:47,146
84.81762641482055,42195,12632,426,3.1,7:41,161
15.601153102477417,42195,12632,358,3.03,7:43,160
58.89032403378427,42195,12632,628,2.0,7:52,155
64.10458061486113,42195,12632,270,3.5,7:36,159
36.23809415724211,42195,12632,106,1.2,7:46,102
61.81920263667451,42195,12632,193,4.0,7:18,151
83.07866764400428,42195,12632,183,3.0,7:22,150
6.015170134160163,42195,12632,399,3.1,7:04,149
83.80323601551855,42195,12632,301,5.58,7:47,154
51.05657982459502,42195,12632,162,5.0,8:00,151
62.259676904859504,42195,12632,217,3.18,7:36,157
34.57030105061979,42195,12632,634,4.3,8:35,134
71.90540663380837,42195,12632,52,4.03,7:03,152
49.97036624737331,42195,12632,229,3.1,7:25,147
4.185932286991179,42195,12632,558,2.52,6:47,146
45.69337966787042,42195,12632,189,4.0,7:13,152
28.79363317006527,42195,12632,139,2.5,7:02,143
18.799709100314452,42195,12632,453,4.01,6:46,153
49.30398621088895,42195,12632,208,4.01,7:08,149
12.023408852009664,42195,12632,139,5.01,7:02,152
53.635750312114574,42195,12632,624,3.02,6:59,151
61.71123524675479,42195,12632,414,3.0,7:38,142
55.3264067394115,42195,12632,486,3.22,6:52,142
14.531033127259075,42195,12632,236,5.01,7:06,147
38.59280611125124,42195,12632,645,5.0,7:12,152
59.81899553362102,42195,12632,413,5.01,7:28,149
24.20400492178073,42195,12632,633,4.0,7:23,152
85.57212744790988,42195,12632,592,3.5,7:22,152
69.1142551672111,42195,12632,462,4.0,7:14,153
15.122463359424998,42195,12632,16,3.49,7:32,152
68.66248207004426,42195,12632,360,4.0,7:07,156
55.24252784291255,42195,12632,105,5.0,7:17,149
67.68602582131612,42195,12632,333,4.0,7:17,145
64.30462308512118,42195,12632,551,4.0,7:28,148
26.660326789225877,42195,12632,236,2.04,7:26,149
46.53593104646156,42195,12632,138,4.5,7:59,148
4.026829894172524,42195,12632,464,0.78,7:41,129
97.73394425546924,42195,12632,355,0.74,10:35,121
51.21817428526538,42195,12632,93,2.45,8:07,136
96.62806418810244,42195,12632,232,4.01,6:47,154
87.02787951572996,42195,12632,415,4.0,7:11,151
75.04539880759904,42195,12632,165,3.0,7:46,136
84.71762517698784,42195,12632,358,6.52,7:28,147
77.39728600845375,42195,12632,409,5.16,7:59,141
9.423654962964944,42195,12632,623,6.26,7:24,150
98.86350098210058,42195,12632,291,3.01,7:12,142
97.11003972939136,42195,12632,192,5.0,7:35,146
16.74348694096821,42195,12632,217,6.5,7:14,153
91.5543110938345,42195,12632,524,4.0,6:51,156
78.36715597794878,42195,12632,450,3.68,8:18,137
85.21002498278925,42195,12632,172,7.15,7:18,163
96.92024442613616,42195,12632,567,4.5,8:20,138
81.37750543823495,42195,12632,308,6.0,7:34,155
11.765156312124503,42195,12632,321,5.0,7:17,160
65.17484350664091,42195,12632,428,4.0,7:32,152
19.120376143686837,42195,12632,626,6.0,7:15,154
40.05793273422144,42195,12632,93,5.0,7:12,177
31.509207303739505,42195,12632,137,4.0,7:00,163
6.301374039924701,42195,12632,187,4.02,7:06,176
79.2509621081655,42195,12632,208,4.01,7:43,153
14.63293902027738,42195,12632,555,4.01,8:14,146
20.89763484193803,42195,12632,234,4.0,7:52,159
95.37889738090776,42195,12632,231,2.0,6:51,128
19.29401373184143,42195,12632,164,2.05,7:04,133
39.680781249343454,42195,12632,235,5.0,7:49,129
78.37161115716832,42195,12632,258,1.93,9:14,126
74.73315790168989,42195,12632,242,2.23,6:52,132
69.2442932966307,42195,12632,560,6.21,5:09,--
15.622081146306478,42195,12632,606,7.01,7:08,137
63.47054412701089,42195,12632,625,9.0,6:45,126
26.06131540665556,42195,12632,147,4.04,6:56,146
24.319319416251005,42195,12632,94,0.79,8:14,145
91.12635738087748,42195,12632,112,1.03,5:06,163
94.75851657110604,42195,12632,505,1.03,5:05,160
64.50135975772304,42195,12632,619,2.11,6:34,138
36.54788251918375,42195,12632,546,10.01,6:37,138
34.16537426085075,42195,12632,486,14.35,6:35,156
66.50651130428025,42195,12632,390,10.0,6:45,148
17.037419266587584,42195,12632,219,4.02,7:13,138
2.217013072633456,42195,12632,352,2.13,7:24,125
42.33805962930265,42195,12632,330,12.01,6:45,138
42.63986036487238,42195,12632,28,0.96,10:03,128
73.03119059242825,42195,12632,311,0.73,6:32,164
45.031081510314486,42195,12632,311,5.06,5:25,173
74.78611653980876,42195,12632,266,2.07,6:35,134
70.35257029451863,42195,12632,40,4.03,6:52,140
37.24882532898423,42195,12632,375,10.09,6:40,138
4.6745102704153885,42195,12632,185,8.01,6:36,145
4.986198008073595,42195,12632,8,0.93,4:28,--
27.18988415839383,42195,12632,48,4.68,7:05,158
10.359802527948348,42195,12632,604,2.47,7:08,163
77.82044784297307,42195,12632,9,7.02,7:12,137
41.93423003662168,42195,12632,88,4.13,7:33,148
27.869376617499064,42195,12632,21,1.84,6:43,152
0.0350607853732531,42195,12632,13,2.1,6:55,138
33.92585252315925,42195,12632,198,9.0,6:53,--
54.311474404101446,42195,12632,399,9.0,7:00,--
27.437077766857808,42195,12632,595,9.0,6:56,135
43.98995726889636,42195,12632,212,16.08,6:56,145
93.14576456565716,42195,12632,588,6.2,5:06,--
23.351503090636783,42195,12632,227,2.0,8:25,134
33.6921722237297,42195,12632,309,2.48,6:49,146
35.01068854161041,42195,12632,210,2.01,7:06,136
52.65193981357088,42195,12632,289,7.07,6:57,134
85.58974929855529,42195,12632,261,10.0,6:48,137
82.74514534649178,42195,12632,483,4.06,6:50,132
80.661376788719,42195,12632,80,10.02,6:50,142
8.94288917464251,42195,12632,467,3.78,7:18,159
13.737747516741628,42195,12632,522,1.0,6:10,170
93.30359716579962,42195,12632,580,3.83,5:02,147
52.5530654262016,42195,12632,563,2.08,6:36,145
41.50882116701625,42195,12632,637,3.75,7:46,121
38.83234961990111,42195,12632,191,7.24,6:53,138
56.84879254112688,42195,12632,270,16.01,7:02,143
32.180521097958945,42195,12632,307,9.72,7:05,134
40.24036335317553,42195,12632,31,10.1,6:49,134
44.22292554046311,42195,12632,286,4.04,6:53,132
79.6679218606701,42195,12632,576,10.0,8:02,128
85.21023934896432,42195,12632,60,1.48,10:44,129
61.23000981290861,42195,12632,29,1.01,7:07,131
99.30647661062106,42195,12632,8,1.05,4:17,121
37.15555512371355,42195,12632,167,0.65,4:34,130
74.44827173169905,42195,12632,47,0.65,4:34,129
30.205491772846283,42195,12632,183,0.66,4:30,113
96.31418999151133,42195,12632,277,0.65,4:31,108
52.437761370442026,42195,12632,238,0.65,4:33,109
37.09027338093116,42195,12632,463,0.65,4:28,114
71.39880291963175,42195,12632,251,2.09,6:49,130
17.417333695867786,42195,12632,49,10.01,7:00,137
5.825177167401529,42195,12632,164,17.08,6:54,140
99.22101549646102,42195,12632,615,10.08,7:12,133
16.033393487074253,42195,12632,388,3.1,4:55,--
59.30399754791807,42195,12632,649,1.8,8:33,156
12.433598496793552,42195,12632,2,2.09,7:06,142
0.4799650657682064,42195,12632,279,3.0,7:44,129
69.10508019582345,42195,12632,485,4.0,7:08,124
11.806751412208271,42195,12632,202,10.01,7:00,155
65.90648216354144,42195,12632,633,3.0,7:33,133
0.8149347355752234,42195,12632,677,4.87,4:51,152
42.28885260707857,42195,12632,358,2.12,6:41,124
26.88463398472112,42195,12632,44,4.06,7:01,122
36.17046754703469,42195,12632,67,10.0,6:43,136
92.1657515872675,42195,12632,177,17.5,6:49,142
86.73033107828151,42195,12632,424,10.0,6:58,144
92.82709853681652,42195,12632,5,10.0,7:18,164
83.29251426895713,42195,12632,622,10.03,8:15,130
92.27204446995174,42195,12632,633,8.0,6:34,188
87.34400342312567,42195,12632,374,1.99,6:58,158
6.611341253489256,42195,12632,89,1.55,6:08,--
9.917547782813774,42195,12632,200,8.45,6:21,153
76.53980489730391,42195,12632,660,17.0,6:52,146
45.93109047755487,42195,12632,264,10.23,7:01,138
87.52130255840075,42195,12632,372,10.0,6:55,135
2.129558185445335,42195,12632,248,1.98,7:29,141
90.8468148087034,42195,12632,314,5.9,5:06,154
78.73166545689902,42195,12632,160,2.6,7:18,--
47.22285780702137,42195,12632,132,3.0,7:02,135
81.3344370319507,42195,12632,343,10.0,7:03,133
65.8798288204023,42195,12632,522,2.84,7:50,128
41.14930558005652,42195,12632,528,1.16,6:28,143
12.03182564190357,42195,12632,215,2.08,4:50,124
20.045837529687315,42195,12632,384,2.09,4:50,105
11.89457540317308,42195,12632,445,2.12,6:33,126
46.3600109722803,42195,12632,676,10.02,6:09,134
44.29514820157122,42195,12632,467,18.01,6:35,149
84.43091759415708,42195,12632,203,10.01,7:00,129
66.64007628326381,42195,12632,564,4.08,7:56,156
47.61619966751227,42195,12632,465,4.0,7:15,138
40.38376408002027,42195,12632,320,8.5,6:36,144
58.201280886383046,42195,12632,120,2.5,6:29,137
51.16110808397888,42195,12632,682,4.01,6:57,130
18.453731566465294,42195,12632,208,10.0,7:00,138
28.901562030043525,42195,12632,502,10.0,6:08,126
49.7625003353549,42195,12632,413,16.12,6:45,121
50.1919426743729,42195,12632,540,10.08,6:47,137
43.20664563737081,42195,12632,448,11.0,6:55,136
18.296456353328484,42195,12632,580,4.0,7:08,119
80.67174390561973,42195,12632,284,5.21,4:55,125
28.20322640970404,42195,12632,477,2.09,6:40,131
67.12762739123048,42195,12632,392,4.03,6:48,136
38.3619202822693,42195,12632,405,9.0,6:55,139
12.98804374815713,42195,12632,622,2.25,7:07,--
64.46393494512404,42195,12632,46,3.96,7:02,153
86.06654035871686,42195,12632,527,4.63,5:07,146
10.951068467195713,42195,12632,288,10.03,6:50,141
25.302413523142096,42195,12632,659,15.0,7:28,129
16.085820170528198,42195,12632,638,3.1,5:02,--
52.75976531171089,42195,12632,626,3.63,7:22,135
29.212760387389125,42195,12632,272,2.18,6:38,141
97.32404512620072,42195,12632,274,7.01,6:34,123
23.853418834739102,42195,12632,317,10.05,6:41,140
86.64145402967641,42195,12632,298,4.08,6:49,158
51.46006343721853,42195,12632,559,10.0,7:12,136
60.56989086676955,42195,12632,549,4.0,7:13,177
53.15562702953496,42195,12632,5,3.7,4:55,152
33.3026743672756,42195,12632,104,2.06,6:40,140
93.9844987782078,42195,12632,297,10.04,6:42,141
53.87781545345368,42195,12632,368,14.21,6:37,146
96.15496138929494,42195,12632,78,9.5,6:51,128
53.21887614936512,42195,12632,648,10.08,7:05,159
19.52034805597892,42195,12632,278,4.02,7:32,133
56.47643900373601,42195,12632,558,4.58,5:03,115
81.79905993974724,42195,12632,209,2.08,6:37,133
63.91530824753895,42195,12632,502,11.31,6:55,166
51.76304566330147,42195,12632,18,2.79,8:53,126
51.55552348790648,42195,12632,409,4.04,5:36,164
33.201672215415435,42195,12632,201,2.12,6:49,123
27.317348423856917,42195,12632,312,0.29,7:15,113
89.03208351902978,42195,12632,276,3.07,7:26,140
5.665754336226769,42195,12632,36,10.0,7:15,146
48.72111319098824,42195,12632,563,16.01,6:28,140
40.24248243435128,42195,12632,684,10.0,7:00,139
80.30307486447008,42195,12632,683,3.1,5:06,--
86.09268898122664,42195,12632,242,3.03,8:19,157
52.0678540915659,42195,12632,120,2.5,6:59,141
60.98079816578893,42195,12632,123,8.09,7:27,137
25.868672282860302,42195,12632,108,3.02,6:48,150
24.05196398652336,42195,12632,663,11.0,7:10,157
99.27615868889048,42195,12632,189,2.03,8:42,129
29.095397679938092,42195,12632,168,3.82,4:56,165
66.2482140247271,42195,12632,295,2.07,6:44,136
53.60426152662215,42195,12632,89,11.0,6:43,127
40.85681738049507,42195,12632,136,15.01,7:02,146
1.4972171282444102,42195,12632,520,4.18,8:12,123
38.14374764096554,42195,12632,349,1.39,8:33,138
72.43347812368792,42195,12632,59,2.78,7:10,137
58.28678374186386,42195,12632,552,4.35,7:49,180
15.657689565762045,42195,12632,657,0.76,4:58,179
84.53278517059312,42195,12632,316,0.76,4:50,177
49.9308255324468,42195,12632,168,0.75,4:54,176
37.87424992241881,42195,12632,627,0.75,4:58,170
91.95494447886972,42195,12632,529,0.75,5:02,164
40.25577339272117,42195,12632,578,0.76,5:02,159
94.27680217109298,42195,12632,25,2.06,7:06,154
34.87914235010897,42195,12632,392,10.0,7:08,144
94.05949744078224,42195,12632,345,0.06,1.6,102
73.62432400852582,42195,12632,298,15.55,6:33,157
40.665520061394375,42195,12632,263,10.25,7:13,141
57.04992034087327,42195,12632,378,3.1,5:03,--
69.69239510197019,42195,12632,409,3.55,7:32,151
17.185315211060104,42195,12632,508,2.49,7:08,144
37.980351766564965,42195,12632,397,0.0,0.1,78
70.01723460668326,42195,12632,596,7.01,7:04,139
31.51289470087184,42195,12632,309,10.04,7:36,151
18.743994310850564,42195,12632,359,3.52,7:43,165
10.365485266828289,42195,12632,227,1.51,4:50,161
96.37774220532933,42195,12632,459,3.03,5:08,155
3.777824139574781,42195,12632,413,2.1,6:56,134
0.287914957438995,42195,12632,25,0.0,3:06,92
53.67802451268934,42195,12632,428,10.04,6:55,138
13.169654965600175,42195,12632,668,14.25,6:39,153
23.76734435531874,42195,12632,404,10.03,6:58,141
73.07153487674428,42195,12632,349,1.85,8:25,124
73.93212621007143,42195,12632,148,0.26,4:24,109
18.82058632515722,42195,12632,91,0.25,4:38,112
15.530273617818423,42195,12632,256,0.25,4:27,112
94.4272280463065,42195,12632,657,0.26,4:20,119
97.09347617233466,42195,12632,610,0.75,5:00,122
33.7788039012144,42195,12632,282,0.75,5:03,119
50.80335413567835,42195,12632,188,0.5,4:49,115
98.98200901794992,42195,12632,301,0.5,4:49,113
82.99459222409446,42195,12632,408,0.51,4:41,112
56.25691529434502,42195,12632,429,2.21,6:40,122
91.17723073404646,42195,12632,57,8.01,6:44,155
60.41458171836152,42195,12632,71,9.32,7:00,173
67.05038582212349,42195,12632,536,1.99,8:42,151
10.385522200456876,42195,12632,255,1.26,5:03,160
50.37836160943638,42195,12632,291,1.26,5:13,162
50.96094610070845,42195,12632,621,1.26,5:11,153
31.042793075972654,42195,12632,268,1.27,5:08,152
57.84771861795262,42195,12632,103,2.11,6:42,138
65.36578998527648,42195,12632,134,9.62,6:25,155
15.80311075915043,42195,12632,537,2.13,6:56,132
34.97446529417173,42195,12632,628,13.0,7:19,152
40.39081540667222,42195,12632,473,2.45,8:08,140
57.86491326000884,42195,12632,421,3.1,5:15,--
32.23816123488403,42195,12632,551,2.45,7:11,145
37.86387686873004,42195,12632,613,0.0,0.1,85
3.028847245533395,42195,12632,226,7.0,7:29,140
54.00249758543764,42195,12632,548,4.06,6:57,172
50.60347247730989,42195,12632,152,3.04,6:06,181
26.02374444022617,42195,12632,451,2.06,6:49,158
54.580979364053725,42195,12632,55,8.05,7:01,148
34.91131198763273,42195,12632,171,1.18,9:07,152
35.592365310985194,42195,12632,359,4.56,5:36,148
97.04970739014406,42195,12632,441,2.09,6:53,157
99.0487366517078,42195,12632,52,10.0,6:09,151
30.31123377375644,42195,12632,242,0.02,0.4,92
85.00111418575804,42195,12632,584,11.99,7:27,144
71.69342902083201,42195,12632,103,8.0,7:00,--
91.28500239342888,42195,12632,313,2.23,7:18,155
44.396576447273375,42195,12632,415,4.0,5:34,155
22.029903129535946,42195,12632,546,2.01,7:15,145
21.26728510908428,42195,12632,510,8.01,6:41,128
33.17119478617059,42195,12632,506,8.01,7:13,137
58.08931450388265,42195,12632,147,7.0,6:48,158
23.16997521314792,42195,12632,644,7.07,7:37,144
44.1118679698333,42195,12632,134,8.51,6:52,161
73.84723497214556,42195,12632,538,7.56,7:38,143
30.420122048600128,42195,12632,99,5.0,7:23,140
57.78332188278255,42195,12632,24,5.29,7:10,148
46.19759662137633,42195,12632,9,4.98,7:22,138
56.70880911396537,42195,12632,645,7.9,6:59,138
40.08426446919447,42195,12632,101,1.17,8:21,138
84.28629509630959,42195,12632,659,0.35,5:16,134
31.74326576026409,42195,12632,80,0.34,5:13,138
90.60852997178571,42195,12632,402,0.34,5:16,128
34.47693164236404,42195,12632,113,0.47,5:21,131
9.988558504420608,42195,12632,639,0.46,5:17,136
17.63759216293792,42195,12632,250,0.46,5:17,138
22.51103368780599,42195,12632,352,0.46,5:14,132
77.41941227286331,42195,12632,370,0.46,5:15,133
45.00718544413064,42195,12632,214,0.95,5:25,135
34.61613740002224,42195,12632,150,2.09,6:41,133
40.20217780708308,42195,12632,275,9.01,6:44,150
84.26869531377193,42195,12632,38,11.94,7:15,137
61.3438712075034,42195,12632,573,1.62,8:25,153
16.968230027049813,42195,12632,191,3.13,5:08,151
49.674332954258446,42195,12632,289,2.17,6:50,149
3.671863805966447,42195,12632,459,1.53,6:56,146
38.7107393345644,42195,12632,533,6.94,6:48,135
50.73717646519314,42195,12632,435,7.44,7:01,139
60.94393400069544,42195,12632,643,1.8,7:48,156
60.53303078884205,42195,12632,132,2.72,5:17,147
89.33777362456918,42195,12632,677,2.7,5:16,140
82.23705521090564,42195,12632,603,2.05,6:51,127
56.94693870212328,42195,12632,186,14.0,7:17,136
61.21239300514482,42195,12632,97,7.54,6:51,160
82.16342686089,42195,12632,94,1.19,8:51,164
34.24123402136255,42195,12632,389,1.28,5:05,172
72.8304012204457,42195,12632,548,1.29,5:04,172
54.02149254968527,42195,12632,543,1.28,5:05,155
28.421513673964803,42195,12632,310,1.3,4:59,137
93.94588070576462,42195,12632,420,1.89,6:44,130
31.586977959602457,42195,12632,92,8.0,6:06,130
55.16270725351213,42195,12632,152,12.17,6:28,152
9.59442327268395,42195,12632,605,6.03,7:52,136
79.39462033615011,42195,12632,208,5.07,7:14,134
69.69158270248393,42195,12632,146,2.72,7:48,148
56.67344078028959,42195,12632,560,0.88,5:41,179
44.910414287070346,42195,12632,116,0.83,6:00,176
34.61537434249535,42195,12632,509,0.9,5:35,161
93.06726270165208,42195,12632,453,11.33,7:13,124
82.09594959580797,42195,12632,128,1.53,8:07,133
94.2519161177414,42195,12632,212,2.16,7:03,143
97.13129130186358,42195,12632,98,4.98,7:20,138
57.12726681951872,42195,12632,395,8.88,6:43,142
43.54278379249187,42195,12632,243,5.0,7:10,166
56.94380688708712,42195,12632,361,2.48,7:22,142
7.357722003930467,42195,12632,67,0.63,5:03,177
3.082985317469289,42195,12632,361,1.26,5:07,181
7.403014955166743,42195,12632,622,0.63,5:09,177
14.452529610543497,42195,12632,202,1.27,5:06,177
62.07733748672266,42195,12632,297,0.63,5:09,159
48.07014260187157,42195,12632,118,0.63,4:59,153
91.8868346319354,42195,12632,267,2.96,7:06,141
23.88984179397079,42195,12632,545,8.8,6:46,--
55.618099484778895,42195,12632,451,13.01,6:25,153
35.739239922005936,42195,12632,269,6.91,7:23,130
72.69911980576255,42195,12632,491,2.2,7:47,142
7.0297060885073375,42195,12632,293,0.25,4:40,143
79.66898941447678,42195,12632,422,0.25,4:56,145
67.88710648964481,42195,12632,654,0.26,4:48,146
34.52841348433452,42195,12632,348,0.25,4:46,141
64.20018232259726,42195,12632,72,0.25,4:56,141
77.38323217555585,42195,12632,450,4.02,5:21,126
76.04165273916446,42195,12632,420,2.43,7:01,127
85.27636778363127,42195,12632,207,8.2,6:57,133
60.537808110738325,42195,12632,574,7.01,7:22,133
82.94122782786486,42195,12632,484,2.28,8:49,132
21.912245703917144,42195,12632,13,0.59,5:01,151
4.455656680719111,42195,12632,626,0.9,5:18,156
77.30154308139791,42195,12632,684,0.9,5:14,147
11.058016204720987,42195,12632,156,0.59,5:13,128
73.23893670881112,42195,12632,501,0.89,5:16,129
33.85213740496628,42195,12632,219,0.59,5:09,151
30.570647330877694,42195,12632,140,0.59,5:10,141
59.53058242661407,42195,12632,513,2.85,6:49,133
14.160641028432098,42195,12632,442,10.22,6:48,139
93.8740367710226,42195,12632,427,13.02,6:27,150
40.195859731320304,42195,12632,474,5.0,5:19,--
71.32769258823414,42195,12632,349,1.49,7:50,145
72.94942271536766,42195,12632,469,2.21,6:57,144
18.287956870322684,42195,12632,72,4.95,7:18,133
85.0422537088545,42195,12632,537,10.98,6:45,147
90.9298325629516,42195,12632,96,9.0,7:20,--
97.2045555545027,42195,12632,307,6.54,7:27,127
55.69689501932592,42195,12632,480,2.44,9:00,133
11.858808922361174,42195,12632,262,1.35,5:14,179
96.32399642271469,42195,12632,604,1.35,5:06,178
60.89709080125858,42195,12632,545,1.35,5:04,169
35.500731855809576,42195,12632,570,2.42,6:47,130
80.27853882122248,42195,12632,681,10.01,6:46,147
36.7296760618888,42195,12632,313,15.0,6:57,150
10.940011175450516,42195,12632,515,7.0,7:12,135
75.52485646698064,42195,12632,668,1.36,9:09,134
86.9451809025597,42195,12632,344,1.02,4:36,132
93.46125777356612,42195,12632,219,1.02,4:41,155
51.79572421788955,42195,12632,403,1.02,4:50,174
13.77895194197414,42195,12632,81,1.03,4:56,182
70.66245095537045,42195,12632,507,1.02,5:03,171
32.27804420932784,42195,12632,258,1.01,5:15,156
17.63087070377807,42195,12632,439,1.99,7:03,129
56.76851671873551,42195,12632,569,11.18,6:41,144
80.86174246947883,42195,12632,215,7.05,7:37,129
39.319747584682965,42195,12632,688,1.61,9:20,136
44.52038763390037,42195,12632,124,0.97,5:02,178
35.56608347983643,42195,12632,543,0.99,5:24,172
20.897269969837684,42195,12632,603,0.37,4:51,172
88.5689259902827,42195,12632,438,0.38,4:49,157
91.1441794936917,42195,12632,132,0.38,4:46,150
15.593392121623983,42195,12632,143,0.38,4:51,140
33.20144514345945,42195,12632,306,0.38,4:50,144
7.685984419180237,42195,12632,337,0.38,4:40,128
40.500270916753486,42195,12632,598,2.52,6:55,134
34.90104323961965,42195,12632,105,10.0,7:23,137
64.48965137543587,42195,12632,501,17.3,6:46,--
55.5182330255525,42195,12632,580,0.8,3.5,108
88.2770460710507,42195,12632,395,5.0,5:16,--
78.54763834230778,42195,12632,443,1.61,9:34,124
7.648472935671613,42195,12632,137,2.05,6:49,140
73.72536400695832,42195,12632,429,5.63,7:13,141
33.913018373623906,42195,12632,428,11.02,6:55,126
49.06580901779092,42195,12632,351,2.12,6:59,137
43.76117120297548,42195,12632,615,5.13,7:39,132
90.83941283067276,42195,12632,430,1.95,8:14,144
58.40393651575821,42195,12632,465,0.95,5:34,181
68.27009355597814,42195,12632,224,0.95,5:36,180
77.23573675512658,42195,12632,450,0.96,5:30,182
11.54179680244638,42195,12632,618,0.95,5:25,180
62.05542188333065,42195,12632,236,0.96,5:16,166
35.59089722114385,42195,12632,479,2.48,6:40,138
0.2515988620722331,42195,12632,240,10.05,6:21,149
55.17861119999138,42195,12632,214,17.25,6:33,131
5.286272743957799,42195,12632,290,7.0,6:43,--
86.20637061768419,42195,12632,240,2.37,7:11,152
46.8159272770474,42195,12632,525,6.07,7:29,136
72.42747776972428,42195,12632,472,8.99,7:25,133
81.17262391947563,42195,12632,549,6.83,7:19,136
66.29378902303236,42195,12632,565,1.16,8:59,137
44.30108729136904,42195,12632,583,0.5,6:46,168
89.11281597663135,42195,12632,438,1.02,5:13,178
0.3826054543993207,42195,12632,162,1.52,5:22,180
84.25960842378676,42195,12632,12,1.54,5:05,179
56.240590850832426,42195,12632,122,1.8,5:20,165
13.062837977590837,42195,12632,438,2.07,6:37,131
40.572399518633816,42195,12632,281,10.05,6:16,151
39.43519471467184,42195,12632,655,17.0,6:41,151
44.52348729340058,42195,12632,600,10.09,7:14,133
87.63411873558647,42195,12632,124,1.75,8:38,129
48.17105843447471,42195,12632,621,5.42,5:28,165
65.13048989516523,42195,12632,364,2.39,7:08,129
2.2797215531548454,42195,12632,224,9.26,7:23,133
20.16463882062149,42195,12632,511,10.01,6:47,148
43.89256262932151,42195,12632,425,11.0,6:14,146
99.780204095308,42195,12632,614,17.71,6:33,150
33.232382661960415,42195,12632,25,10.0,6:36,--
4.186950091546238,42195,12632,609,7.0,7:09,--
29.552002853468885,42195,12632,640,10.04,7:11,150
61.69445514527583,42195,12632,112,11.19,7:04,145
71.0607519692762,42195,12632,549,3.27,7:18,139
2.668835746625098,42195,12632,218,0.56,9:48,131
39.2513819717481,42195,12632,433,0.48,5:42,173
94.1968885292022,42195,12632,272,0.47,5:46,170
65.72673492284932,42195,12632,418,3.26,5:43,175
48.299724414049386,42195,12632,45,2.41,7:07,130
35.66962781821621,42195,12632,363,2.99,8:20,131
58.80873152262887,42195,12632,506,7.01,6:57,145
16.83971983135728,42195,12632,609,17.06,6:48,157
73.15313854753256,42195,12632,461,0.0,--,56
37.04337506952139,42195,12632,342,0.97,8:19,126
56.60051708254641,42195,12632,302,9.31,7:27,133
71.92953660125957,42195,12632,304,10.11,7:33,134
7.997675696332651,42195,12632,170,4.03,7:36,136
77.28924192003619,42195,12632,307,10.17,6:25,153
52.14196913079775,42195,12632,165,4.01,7:58,132
10.920448696156871,42195,12632,628,2.69,9:10,133
73.14519242155761,42195,12632,686,2.07,4:39,179
22.302667684413255,42195,12632,11,1.99,7:05,132
75.6456174618913,42195,12632,386,10.03,7:03,148
87.18175503424207,42195,12632,353,17.09,6:43,149
92.59202982906356,42195,12632,307,2.61,7:38,129
27.982727889482696,42195,12632,461,0.43,8:22,132
69.27765139799294,42195,12632,473,10.97,7:06,139
78.93582131493535,42195,12632,498,2.4,7:05,--
31.21244953956941,42195,12632,32,1.85,8:28,138
85.55277228039864,42195,12632,151,5.46,5:15,174
42.43884785771817,42195,12632,170,10.01,6:47,137
61.26730210734708,42195,12632,460,11.0,6:59,139
71.22448606394642,42195,12632,8,3.98,6:59,137
27.78996451405393,42195,12632,270,1.88,9:09,130
69.88329695828793,42195,12632,309,2.3,5:44,176
56.896529326920046,42195,12632,637,2.31,5:34,172
19.07395485714816,42195,12632,237,2.8,6:59,137
22.401605766970324,42195,12632,312,10.99,6:15,154
64.4674921545312,42195,12632,252,16.66,7:08,145
82.45725632313015,42195,12632,382,5.05,7:02,144
35.67671001612206,42195,12632,414,1.32,9:09,146
80.0017369332929,42195,12632,162,5.95,5:53,177
85.24497035410742,42195,12632,332,2.07,7:11,137
4.388334194995746,42195,12632,305,0.0,0.4,69
92.9878867384956,42195,12632,99,2.2,7:40,148
27.714061177126904,42195,12632,316,7.71,7:14,148
26.957969829020623,42195,12632,92,10.01,6:54,150
47.24156459209515,42195,12632,477,11.2,7:01,149
33.50898403892207,42195,12632,13,11.06,6:12,158
46.92232083994581,42195,12632,456,17.0,7:04,154
12.079731139651216,42195,12632,138,3.0,7:20,140
6.068602696019632,42195,12632,385,9.5,6:56,141
19.12222027098767,42195,12632,82,11.0,7:08,138
8.45059651428125,42195,12632,561,8.4,7:20,134
84.34329892745134,42195,12632,106,5.16,7:30,141
73.91225882702007,42195,12632,36,11.01,7:11,141
33.72307790361218,42195,12632,686,3.56,10:21,123
96.26917636029263,42195,12632,515,11.07,7:19,142
31.455479088071293,42195,12632,240,12.08,7:08,140
57.034292800940335,42195,12632,664,10.01,6:45,149
66.59235742188882,42195,12632,31,8.01,7:05,152
53.2963211568161,42195,12632,89,10.03,6:48,149
15.610049374763436,42195,12632,44,8.0,6:40,153
12.836947980724725,42195,12632,231,4.0,7:09,136
91.64613656427495,42195,12632,320,2.92,7:03,135
72.17136454377922,42195,12632,549,10.21,6:51,148
70.77939248723446,42195,12632,12,10.29,7:36,146
5.576478107581762,42195,12632,647,9.3,6:59,142
18.621860187104144,42195,12632,20,3.9,7:23,135
69.18767183013263,42195,12632,574,4.0,7:29,132
87.64893367358056,42195,12632,111,9.45,7:35,142
3.596216889206494,42195,12632,8,9.27,7:15,135
63.498559475240654,42195,12632,678,12.0,7:04,144
43.21953784235626,42195,12632,579,2.73,7:38,140
5.727965259624535,42195,12632,560,5.0,5:47,172
0.7615502134984631,42195,12632,48,2.22,7:04,135
93.53447681144584,42195,12632,360,10.07,7:10,141
0.2294858362418605,42195,12632,315,1.72,7:33,138
38.3793080707058,42195,12632,224,9.31,6:09,160
77.41587397222682,42195,12632,581,0.28,7:48,117
13.850666193323448,42195,12632,7,16.0,7:14,143
15.80269553773138,42195,12632,409,3.04,6:58,129
65.98513311649299,42195,12632,42,10.0,7:09,140
83.68835376225658,42195,12632,373,8.0,7:05,141
42.03024572266919,42195,12632,519,10.01,7:32,136
96.15049187376992,42195,12632,640,4.49,7:40,144
7.599358564528835,42195,12632,453,2.01,5:14,155
15.055729880437529,42195,12632,34,1.01,5:13,134
4.102106738790312,42195,12632,541,2.51,7:11,132
45.076724070088815,42195,12632,543,4.09,6:57,142
56.613280227822656,42195,12632,126,10.0,7:37,141
93.05958369320112,42195,12632,185,15.0,7:12,--
50.76302149139566,42195,12632,16,10.5,7:20,--
45.6129255621319,42195,12632,290,8.0,7:15,--
96.32930586144958,42195,12632,502,7.97,7:27,137
79.29726629798056,42195,12632,90,2.16,7:08,134
94.58750277533493,42195,12632,356,2.08,7:39,135
55.40267235829639,42195,12632,454,7.43,7:36,138
25.991897889391456,42195,12632,139,5.17,7:58,142
19.612564681023493,42195,12632,411,2.01,5:20,171
86.04087435574974,42195,12632,39,0.33,7:16,141
50.12379638704617,42195,12632,15,2.51,6:39,133
2.3446031391498257,42195,12632,368,11.0,7:11,142
36.750935529133,42195,12632,75,14.98,6:44,151
24.514642474595465,42195,12632,600,8.48,8:36,150
37.74117647338407,42195,12632,682,6.18,7:27,137
14.594476006426982,42195,12632,605,1.97,7:24,127
13.246401074600069,42195,12632,332,7.55,7:38,133
87.46291548381,42195,12632,2,9.5,8:04,142
91.38300428561271,42195,12632,644,5.23,7:24,145
90.06626932142969,42195,12632,330,1.0,5:23,160
54.77137026797967,42195,12632,75,1.01,5:21,162
97.81252605280416,42195,12632,569,2.75,7:48,134
93.79895979600688,42195,12632,262,8.99,7:12,152
68.95539908856851,42195,12632,285,13.11,7:12,146
49.78397218223955,42195,12632,77,9.0,7:07,151
75.90775456940115,42195,12632,86,9.14,6:56,150
14.93422418463789,42195,12632,382,9.99,7:30,142
54.53206823115872,42195,12632,492,8.94,7:14,138
64.34780916099241,42195,12632,524,3.01,7:41,131
93.11642687231168,42195,12632,173,9.0,7:22,140
82.53958834496194,42195,12632,374,10.02,6:56,148
73.16546290500679,42195,12632,75,12.01,7:06,151
7.945214101398035,42195,12632,624,2.0,7:45,128
11.33486040042484,42195,12632,433,8.0,6:49,142
89.34818037445892,42195,12632,104,9.0,7:01,155
52.89324870774471,42195,12632,65,9.0,7:18,145
62.476309808376605,42195,12632,430,8.04,7:50,140
23.525658121404422,42195,12632,585,10.92,6:47,157
65.19466616202317,42195,12632,528,7.96,6:48,151
90.27781413585392,42195,12632,276,7.95,7:13,142
7.076114457755301,42195,12632,192,8.0,7:17,147
51.47147892722806,42195,12632,248,8.49,7:09,163
44.75931686566166,42195,12632,602,7.96,6:31,149
29.89790803895055,42195,12632,199,6.46,6:54,148
82.51735257588388,42195,12632,570,6.99,6:51,159
99.45558111716429,42195,12632,406,7.0,7:03,159
87.25515864124878,42195,12632,416,6.0,7:41,143
71.61559321669779,42195,12632,521,5.2,7:05,146
9.066979835668787,42195,12632,597,6.03,7:01,150
98.18183156357608,42195,12632,195,7.96,6:59,170
30.43763697967044,42195,12632,548,6.03,7:02,159
25.755657413524325,42195,12632,201,5.98,7:34,149
62.20804699943231,42195,12632,8,4.15,7:20,147
98.08203248447374,42195,12632,216,4.02,7:21,150
92.04215459819652,10000,2670,114,4.01,7:14,151
43.990365190055634,10000,2670,12,1.60,6:39,152
58.332958594994736,10000,2670,190,4.01,7:05,161
59.47466475658268,10000,2670,143,6.04,7:39,155
79.77623403773786,10000,2670,106,3.02,7:23,159
82.47820136162998,10000,2670,125,2.01,7:02,156
56.60883887275465,10000,2670,127,4.01,7:21,147
31.22728270125605,10000,2670,286,2.01,7:27,152
69.91890669238123,10000,2670,176,2.01,7:14,163
37.64194988863044,10000,2670,108,6.43,4:56,151
42.201285569509416,10000,2670,17,4.01,7:26,165
65.16352304550831,10000,2670,121,2.01,7:25,156
94.6433480682988,10000,2670,41,2.01,7:26,161
16.59434140780557,10000,2670,165,2.01,7:19,156
62.51919994176165,10000,2670,221,1.24,8:20,158
64.44489477877778,10000,2670,116,2.01,6:58,164
48.37813246165603,10000,2670,112,1.64,6:51,146
90.21108410932574,10000,2670,308,5.01,7:31,147
6.983918269471667,10000,2670,304,4.02,7:07,155
67.30773487660076,10000,2670,69,3.03,7:06,153
10.869951479141482,10000,2670,310,5.01,7:18,153
12.23278781964815,10000,2670,26,3.01,6:54,164
20.920440848450284,10000,2670,282,2.30,7:04,164
87.5832788245746,10000,2670,103,2.80,7:29,154
58.89587876970871,10000,2670,180,2.01,6:58,158
25.685430878988303,10000,2670,140,3.05,6:57,164
55.1024759167516,10000,2670,211,2.01,7:09,159
44.28576445573417,10000,2670,105,2.26,7:12,161
97.56077308860245,10000,2670,172,5.51,7:26,152
38.274157866565794,10000,2670,301,4.01,7:17,157
77.9366204975954,10000,2670,43,3.04,7:11,159
41.31182663281167,10000,2670,0,5.02,7:14,165
41.59233632264672,10000,2670,140,13.22,7:04,159
71.53860031884498,10000,2670,278,7.02,7:30,156
31.14941137716344,10000,2670,185,5.02,7:37,150
73.7386433390673,10000,2670,189,9.32,7:21,161
18.691195080484547,10000,2670,83,0.01,12:41,88
41.7450302450152,10000,2670,253,4.01,7:11,155
74.60910644834719,10000,2670,213,7.01,7:32,156
64.01630010327418,10000,2670,239,10.01,7:27,151
26.289249001815097,10000,2670,211,3.01,7:47,153
70.19184251307061,10000,2670,72,4.01,7:20,158
79.02446346354313,10000,2670,227,5.01,7:31,152
86.67387446427848,10000,2670,288,15.01,7:36,153
17.804491463778703,10000,2670,249,4.02,7:05,154
41.60519803521289,10000,2670,141,11.01,7:45,153
79.26790313676098,10000,2670,287,7.01,7:51,149
75.00583781359269,10000,2670,38,4.01,7:25,153
83.86219469503995,10000,2670,29,3.01,7:13,156
24.43708077480513,10000,2670,292,0.27,7:16,159
74.29371396413308,10000,2670,233,4.76,7:59,154
31.281360193186597,10000,2670,127,12.17,7:57,163
49.88154906836538,10000,2670,180,7.01,7:33,157
39.26945744091114,10000,2670,201,4.04,7:36,149
8.991204984411006,10000,2670,259,10.14,8:10,154
70.11446152115482,10000,2670,115,4.01,7:47,151
89.60946463321625,10000,2670,97,7.01,7:57,151
89.25579916000973,10000,2670,34,1.28,8:05,143
58.72091006212923,10000,2670,76,11.01,8:12,157
26.47072151815536,10000,2670,293,5.01,7:56,152
34.86917664767183,10000,2670,172,9.01,7:42,159
0.3180877932533299,10000,2670,75,4.01,8:00,149
34.705134346747,10000,2670,202,5.02,7:51,154
93.75350251076016,10000,2670,224,9.01,8:01,158
61.281336115084926,10000,2670,204,7.01,7:50,153
33.17951130736441,10000,2670,142,5.01,8:38,146
74.56322614114018,10000,2670,92,7.00,8:04,150
2.317964509033688,10000,2670,243,5.01,8:03,150
60.313157337065135,10000,2670,54,5.01,8:03,152
94.95501023302477,10000,2670,312,4.01,8:04,151
3.424117212462308,10000,2670,306,9.01,7:48,158
7.290999434494183,10000,2670,304,4.01,6:52,159
3.8963536237943353,10000,2670,47,4.01,7:45,151
35.65825016602674,10000,2670,193,9.00,8:11,155
12.95050581176863,10000,2670,278,5.00,7:51,159
91.20930686578605,10000,2670,147,7.01,7:56,157
60.65400375571544,10000,2670,144,4.02,7:13,152
30.942496533257223,10000,2670,250,5.01,7:33,162
77.96631181688163,10000,2670,133,4.43,8:22,160
93.69516015078511,10000,2670,34,4.01,7:48,157
47.26136476763204,10000,2670,247,3.57,7:46,153
49.24849453124156,10000,2670,157,2.07,7:49,145
10.017942980070336,10000,2670,44,9.03,8:23,159
21.19296582144729,10000,2670,6,3.01,7:33,162
85.820145728804,10000,2670,33,6.14,8:32,151
79.71026504131028,10000,2670,203,7.00,7:51,161
63.28022794010681,10000,2670,234,5.82,8:51,156
77.89152133680133,10000,2670,255,3.54,8:51,157
48.6094046526968,10000,2670,118,7.00,8:07,160
22.128766109917866,10000,2670,135,4.51,7:56,157
53.81745503892616,10000,2670,94,4.51,8:44,158
55.89307913591748,10000,2670,258,3.51,6:51,164
9.786495685490804,10000,2670,95,4.00,8:11,155
59.91445213075719,10000,2670,197,7.01,8:24,156
71.24990420045376,10000,2670,297,5.01,8:27,155
28.371630569361507,10000,2670,292,7.01,8:21,160
14.743403994336523,10000,2670,139,3.01,7:42,162
0.389768614462993,10000,2670,76,4.51,8:08,154
53.49031172051365,10000,2670,289,7.01,8:11,164
53.67770696038608,10000,2670,165,5.01,7:52,159
24.321095723760944,10000,2670,293,3.39,8:09,152
82.98858044411035,10000,2670,113,5.01,7:41,157
70.32106269241585,10000,2670,201,4.01,7:50,155
40.225919856291895,10000,2670,167,9.01,8:12,156
48.45347242997432,10000,2670,58,7.00,8:03,157
83.45354129437311,10000,2670,283,5.01,7:49,161
2.793138198124523,10000,2670,16,4.01,7:22,160
10.064442342443892,10000,2670,8,4.00,8:46,155
98.90143451342368,10000,2670,76,4.00,8:10,162
5.313628795353598,10000,2670,102,7.01,8:05,161
29.74314428872792,10000,2670,173,4.01,7:48,154
74.05933293206462,10000,2670,56,7.00,8:22,167
96.60845988122612,10000,2670,8,3.01,8:01,164
35.904549126657145,10000,2670,304,5.01,8:11,163
25.56839030742394,10000,2670,53,3.01,7:47,159
66.88584978635444,10000,2670,235,4.19,7:42,167
32.991443932172025,10000,2670,43,1.18,7:31,159
55.34840099655778,10000,2670,261,2.02,7:22,167
29.78220909468182,10000,2670,238,4.01,7:17,173
63.00341943527303,10000,2670,72,2.01,7:44,173
58.79257075646854,10000,2670,111,3.03,7:20,161
82.19710425203947,10000,2670,106,2.36,7:24,165
54.807259397082255,10000,2670,197,2.01,6:57,162
52.96569696453177,10000,2670,58,2.01,7:26,162
50.048246656499295,10000,2670,291,2.01,6:56,161
3.627582086922765,10000,2670,156,4.01,7:29,168
84.56306100253039,10000,2670,145,2.01,6:44,172
44.6460049657371,10000,2670,239,3.20,6:59,165
13.42922296556609,10000,2670,283,3.01,7:38,166
24.479548566147848,10000,2670,191,2.01,7:16,156
92.2974864376395,10000,2670,243,2.50,7:30,152
99.71192858799256,10000,2670,140,2.01,7:02,145
99.84339404861024,10000,2670,75,2.03,6:59,169
29.26803265731339,10000,2670,0,1.58,7:06,153
24.97432828058952,10000,2670,52,3.17,7:01,158
49.60808120357447,10000,2670,313,2.51,6:51,146
94.26884614024942,10000,2670,285,2.01,6:38,171
1.394225578869157,10000,2670,88,3.14,7:28,141
31.352131609668778,10000,2670,159,2.01,6:40,149
46.44721031549229,10000,2670,10,4.01,7:18,152
71.45277894914373,10000,2670,308,2.04,7:18,151
0.2099236981430663,10000,2670,49,4.52,7:43,164
10.800868415976892,10000,2670,276,3.07,6:26,160
4.640260439467703,10000,2670,191,0.29,4:53,135
52.5963083527178,10000,2670,6,4.01,7:03,164
38.962016006933794,10000,2670,175,2.01,7:30,155
96.13273452576765,10000,2670,292,6.01,7:27,170
29.446738821236785,10000,2670,171,2.01,6:25,169
23.257567684613235,10000,2670,286,4.01,7:16,166
55.66353461745178,10000,2670,174,4.01,7:06,168
76.48609854454122,10000,2670,153,2.34,7:37,157
2.071210005042501,10000,2670,290,3.50,7:10,164
13.555325920896944,10000,2670,292,3.57,7:26,161
58.39403272086122,10000,2670,81,4.01,7:23,169
75.85654988115694,10000,2670,196,4.01,7:26,167
40.21823358489467,10000,2670,289,2.00,7:02,168
94.41783053866864,10000,2670,262,2.00,7:13,166
85.33177592294044,10000,2670,315,4.00,7:09,168
4.5909018298732285,10000,2670,173,2.00,6:57,166
25.419389690342086,10000,2670,185,3.50,7:17,170
55.96323380855237,10000,2670,102,5.30,7:41,166
39.57530915885985,10000,2670,24,3.01,7:15,164
54.50818941081642,10000,2670,135,2.01,6:58,162
71.53555823376816,10000,2670,215,3.51,7:28,168
61.2700627105529,10000,2670,95,3.50,7:22,161
84.46127139745337,10000,2670,251,3.17,7:28,165
5.039410778467268,10000,2670,61,3.18,7:03,166
49.258519976554574,10000,2670,103,3.16,7:07,170
52.99727412688122,10000,2670,238,0.43,5:18,140
11.49065866829294,10000,2670,192,4.29,7:23,170
84.8322115805493,10000,2670,16,2.01,6:33,168
97.84764544091988,10000,2670,299,3.15,7:09,169
19.54367891588485,10000,2670,276,3.12,7:20,170
41.5596276152044,10000,2670,257,3.23,6:56,174
13.427630105719311,10000,2670,44,1.56,7:07,173
71.37683834325328,10000,2670,279,3.36,6:59,167
21.788361825562973,10000,2670,31,2.59,6:53,164
61.86757776815932,10000,2670,284,2.01,6:13,171
66.1965389450814,10000,2670,28,1.57,6:45,161
96.93096934448602,10000,2670,22,1.57,7:15,169
1.6265024594876665,10000,2670,190,1.58,7:19,160
6.45934954299573,10000,2670,258,3.06,7:51,164
78.5304032958503,10000,2670,248,2.01,6:55,174
86.04505634736618,10000,2670,73,1.58,6:46,168
58.1032172639246,10000,2670,204,1.58,6:39,161
64.25165877913179,10000,2670,236,3.15,6:50,168
20.82220270813888,10000,2670,228,3.17,7:27,168
5.648907315042429,10000,2670,18,1.71,7:12,161
43.54983105325421,10000,2670,223,1.57,7:02,163
41.62383752042946,10000,2670,297,1.58,6:26,159
24.285731425266576,10000,2670,154,3.15,6:55,166
14.623895568456891,10000,2670,145,3.16,7:25,168
73.61064608101235,10000,2670,114,2.25,6:55,172
49.56749899281196,10000,2670,170,1.58,6:53,166
48.96177764315031,10000,2670,81,1.59,7:06,165
27.17464032800472,10000,2670,139,2.01,7:16,162
78.31568161024468,10000,2670,138,2.01,6:31,167
78.08690392163278,10000,2670,51,2.01,6:32,166
85.97470240869018,10000,2670,199,4.01,7:13,169
27.186086872366545,10000,2670,283,2.01,6:25,154
35.659586053919966,10000,2670,124,2.00,7:00,173
46.660140766484815,10000,2670,50,2.01,6:59,167
74.52606338775254,10000,2670,223,1.80,6:58,172
46.3503063311753,10000,2670,140,1.77,6:51,169
13.317456162025742,10000,2670,41,1.61,6:44,160
62.41365459228842,10000,2670,90,1.74,6:59,151
45.50513477317099,10000,2670,124,4.01,6:59,167
91.08188325463978,10000,2670,258,2.01,6:54,166
96.71269073628346,10000,2670,26,2.01,6:48,165
38.11220836117054,10000,2670,8,2.01,7:05,163
84.25406437914708,10000,2670,199,2.01,7:24,162
46.82130995277021,10000,2670,87,3.55,7:09,167
18.91132194179556,10000,2670,123,1.79,7:14,167
97.56810943348096,10000,2670,218,2.01,7:04,172
48.95538745058165,10000,2670,295,6.28,7:17,163
4.533398367218899,10000,2670,147,1.63,7:10,174
59.8132034398752,10000,2670,132,1.58,6:54,162
83.16672847421391,10000,2670,127,1.01,5:42,145
93.13217810330266,10000,2670,130,2.03,6:43,164
2.300507004053532,10000,2670,287,1.36,6:58,142
94.57978870270756,10000,2670,279,1.35,6:58,160
89.05987615993752,10000,2670,223,1.38,7:01,153
4.422031703307649,10000,2670,143,2.01,7:08,164
16.269848847927804,10000,2670,148,3.57,7:04,167
21.479249259048515,10000,2670,217,1.86,7:02,163
70.33416920362156,10000,2670,69,1.78,6:48,170
46.80275920917577,10000,2670,118,3.18,7:40,155
65.65796254319778,10000,2670,3,1.12,7:25,173
82.0490344819419,10000,2670,188,4.00,7:24,164
57.40075603989923,10000,2670,123,2.01,7:06,162
47.10464568935091,10000,2670,9,4.01,6:44,169
14.2722724463884,10000,2670,83,2.12,7:06,159
82.24379377339758,10000,2670,6,1.54,6:45,164
40.64786396348418,10000,2670,75,2.01,7:13,161
51.52025856093287,10000,2670,26,3.31,7:14,169
42.70012474039571,10000,2670,116,4.01,6:51,159
22.22829374713887,10000,2670,305,10.01,7:06,160
55.43127857358536,10000,2670,5,3.95,6:27,165
84.84530944105109,10000,2670,160,3.28,6:17,159
43.018488786776366,10000,2670,119,4.00,6:49,161
41.72722254252298,10000,2670,218,7.12,6:45,162
73.38104409369734,10000,2670,87,4.01,6:56,162
85.48828210369845,10000,2670,144,8.01,6:52,159
45.06051451329533,10000,2670,119,8.34,7:14,163
69.45618827031491,10000,2670,317,4.01,6:47,162
84.42300133284945,10000,2670,123,5.41,7:00,161
3.670426193918952,10000,2670,38,7.01,7:12,167
51.53014098335733,10000,2670,83,6.01,6:44,165
16.526065562691738,10000,2670,248,7.01,6:50,168
68.43759219982539,10000,2670,308,6.63,7:06,163
69.45470735125336,10000,2670,306,3.01,6:46,162
8.624322066458745,10000,2670,290,4.01,6:50,160
12.993820339335226,10000,2670,63,7.01,7:10,165
59.50050487091809,10000,2670,241,5.01,6:47,166
4.37087351725034,10000,2670,154,5.01,7:15,164
65.11568462546813,10000,2670,2,9.01,7:29,159
77.79511282710156,10000,2670,89,4.01,7:00,166
26.185698823565684,10000,2670,260,5.56,7:27,163
10.839329384341555,10000,2670,28,5.01,6:52,166
77.742195023246,10000,2670,226,7.01,7:20,166
22.81060515782952,10000,2670,277,3.01,6:56,163
84.43688414091265,10000,2670,62,3.01,6:56,168
63.14672915734187,10000,2670,0,6.01,7:14,166
59.45291485677488,10000,2670,200,0.09,7:24,120
79.59066199557829,10000,2670,123,4.01,6:50,167
31.74323876214512,10000,2670,246,5.01,7:05,172
68.79906489832317,10000,2670,243,4.01,7:01,167
89.84736564136988,10000,2670,15,4.01,7:06,168
53.87586755216178,10000,2670,226,4.01,7:20,168
19.95924067693772,10000,2670,280,3.01,6:44,173
80.79987811783003,10000,2670,171,4.01,6:20,177
41.65817778645856,10000,2670,43,0.73,5:55,162
35.545797311364815,10000,2670,273,2.37,7:15,158
68.78521497266695,10000,2670,225,--,--,75
97.97257586199645,10000,2670,33,3.12,8:18,157
7.742462091660041,10000,2670,186,3.15,6:34,170
33.61785301001407,10000,2670,84,3.35,5:54,171
87.46827543021278,10000,2670,297,1.58,5:31,167
55.59355699377159,10000,2670,61,10.34,9:06,147
68.05077083284671,10000,2670,171,4.01,8:23,158
74.06716643913539,10000,2670,59,3.03,6:58,168
9.832999330757197,10000,2670,174,3.01,6:34,170
0.9404503338251712,10000,2670,260,1.44,6:33,170
49.548138313352176,10000,2670,156,2.03,21:36,95
96.20079710469368,10000,2670,185,1.42,6:53,168
17.494014981849492,10000,2670,259,1.46,6:21,168
30.26212978566053,10000,2670,142,2.96,7:00,172
96.7932239144303,10000,2670,244,1.55,6:18,162
14.911183996560109,10000,2670,286,1.57,6:16,167
77.64999131588378,10000,2670,213,1.38,5:50,167
31.93794322619093,10000,2670,170,1.99,6:20,169
14.549333329093797,10000,2670,229,0.87,5:25,162
41.60541224790048,10000,2670,284,0.66,5:37,165
26.2451566693122,10000,2670,23,0.64,9:11,145
7.937074994757365,10000,2670,149,1.34,5:48,169
93.9245160166058,10000,2670,100,1.32,9:29,141
75.47023574396802,10000,2670,59,2.02,6:09,167
60.95829968528215,10000,2670,79,1.28,6:20,160
35.41367215430065,10000,2670,299,0.09,8:10,128
61.92986442567224,10000,2670,69,1.75,9:04,141
78.33289807169595,10000,2670,125,2.65,7:20,158
50.078692158405225,10000,2670,245,4.00,6:42,174
66.42827841583866,10000,2670,288,0.16,4:35,130
45.96983142345774,10000,2670,254,0.39,4:54,118
77.80544604795236,10000,2670,41,0.44,4:52,143
86.45564566833407,10000,2670,266,1.01,5:24,165
77.21542923329463,10000,2670,153,3.74,6:16,180
38.77282419202568,10000,2670,210,0.20,6:25,139
50.88628632749387,10000,2670,195,1.01,5:42,169
70.28325691535231,10000,2670,162,3.99,6:25,179
98.2177074838243,10000,2670,151,2.42,6:48,170
17.037629399570708,10000,2670,164,0.68,6:53,160
80.32808142970237,10000,2670,19,1.81,6:56,172
1.67380584970499,10000,2670,65,2.00,6:59,170
88.25835188094419,10000,2670,1,0.67,5:52,170
14.216853033892018,10000,2670,126,1.11,7:15,166
36.611850306838846,10000,2670,279,2.81,9:05,159
11.323797060123695,10000,2670,2,1.47,6:51,167
